date;hour;sub_rf_id;Ptes
27.11.2020 0:00:00;0;1;694.999998
27.11.2020 0:00:00;1;1;700
27.11.2020 0:00:00;2;1;705
27.11.2020 0:00:00;3;1;832.500001
27.11.2020 0:00:00;4;1;930.000002
27.11.2020 0:00:00;5;1;971.76408555953
27.11.2020 0:00:00;6;1;989.000006
27.11.2020 0:00:00;7;1;1011.20437063636
27.11.2020 0:00:00;8;1;1004.19273427273
27.11.2020 0:00:00;9;1;1004.05964336364
27.11.2020 0:00:00;10;1;1004.01818881818
27.11.2020 0:00:00;11;1;1003.35055245455
27.11.2020 0:00:00;12;1;1002.000007
27.11.2020 0:00:00;13;1;1010.000007
27.11.2020 0:00:00;14;1;1010.000007
27.11.2020 0:00:00;15;1;1010.000007
27.11.2020 0:00:00;16;1;1010.000007
27.11.2020 0:00:00;17;1;1002.000007
27.11.2020 0:00:00;18;1;1002.000007
27.11.2020 0:00:00;19;1;1002.000007
27.11.2020 0:00:00;20;1;929.000002
27.11.2020 0:00:00;21;1;895.002684553417
27.11.2020 0:00:00;22;1;716.908782513377
27.11.2020 0:00:00;23;1;710
27.11.2020 0:00:00;0;3;1423.765006
27.11.2020 0:00:00;1;3;1386.765005
27.11.2020 0:00:00;2;3;1373.1006099953
27.11.2020 0:00:00;3;3;1307.04395348953
27.11.2020 0:00:00;4;3;1423.765006
27.11.2020 0:00:00;5;3;1422.765006
27.11.2020 0:00:00;6;3;1429.865006
27.11.2020 0:00:00;7;3;1438.725006
27.11.2020 0:00:00;8;3;1536.925007
27.11.2020 0:00:00;9;3;1653.32501
27.11.2020 0:00:00;10;3;1535.825007
27.11.2020 0:00:00;11;3;1652.72501
27.11.2020 0:00:00;12;3;1652.52501
27.11.2020 0:00:00;13;3;1652.52501
27.11.2020 0:00:00;14;3;1535.525007
27.11.2020 0:00:00;15;3;1535.725007
27.11.2020 0:00:00;16;3;1536.225007
27.11.2020 0:00:00;17;3;1096.725006
27.11.2020 0:00:00;18;3;1156.57679205498
27.11.2020 0:00:00;19;3;1097.925006
27.11.2020 0:00:00;20;3;1097.925006
27.11.2020 0:00:00;21;3;999.225005
27.11.2020 0:00:00;22;3;989.765005
27.11.2020 0:00:00;23;3;983.765005
27.11.2020 0:00:00;0;4;2396.20541653272
27.11.2020 0:00:00;1;4;2412.93363946059
27.11.2020 0:00:00;2;4;2499.5608896451
27.11.2020 0:00:00;3;4;2557.410004
27.11.2020 0:00:00;4;4;2574.710004
27.11.2020 0:00:00;5;4;2592.010004
27.11.2020 0:00:00;6;4;2514.24726336524
27.11.2020 0:00:00;7;4;2500.1925381056
27.11.2020 0:00:00;8;4;2500.090001
27.11.2020 0:00:00;9;4;2496.35573608706
27.11.2020 0:00:00;10;4;2500.09900831769
27.11.2020 0:00:00;11;4;2500.34502710669
27.11.2020 0:00:00;12;4;2500.29110651892
27.11.2020 0:00:00;13;4;2500.54587713041
27.11.2020 0:00:00;14;4;2500.090001
27.11.2020 0:00:00;15;4;2500.56849050643
27.11.2020 0:00:00;16;4;2500.090001
27.11.2020 0:00:00;17;4;2499.79938753488
27.11.2020 0:00:00;18;4;2497.56659532423
27.11.2020 0:00:00;19;4;2500.089999
27.11.2020 0:00:00;20;4;2500.090001
27.11.2020 0:00:00;21;4;2500.089999
27.11.2020 0:00:00;22;4;2500.089999
27.11.2020 0:00:00;23;4;2500.09900831769
27.11.2020 0:00:00;0;7;1827.600003
27.11.2020 0:00:00;1;7;1598.24432029955
27.11.2020 0:00:00;2;7;1514.600001
27.11.2020 0:00:00;3;7;1514.6
27.11.2020 0:00:00;4;7;1516.03531049946
27.11.2020 0:00:00;5;7;1827.600003
27.11.2020 0:00:00;6;7;2013.5879021181
27.11.2020 0:00:00;7;7;2107.9987814259
27.11.2020 0:00:00;8;7;2388.25860933648
27.11.2020 0:00:00;9;7;2502.420012
27.11.2020 0:00:00;10;7;2423.05207691674
27.11.2020 0:00:00;11;7;2335.90310147537
27.11.2020 0:00:00;12;7;2267.06389926316
27.11.2020 0:00:00;13;7;2166.96465258864
27.11.2020 0:00:00;14;7;2224.34725226205
27.11.2020 0:00:00;15;7;2137.73251745937
27.11.2020 0:00:00;16;7;2238.69239424068
27.11.2020 0:00:00;17;7;2186.77118112543
27.11.2020 0:00:00;18;7;1829.600004
27.11.2020 0:00:00;19;7;2209.03442039598
27.11.2020 0:00:00;20;7;2285.88592769918
27.11.2020 0:00:00;21;7;2346.07288253421
27.11.2020 0:00:00;22;7;2306.89101517119
27.11.2020 0:00:00;23;7;1944.70816202
27.11.2020 0:00:00;0;12;451.000001
27.11.2020 0:00:00;1;12;451.000001
27.11.2020 0:00:00;2;12;576.977003
27.11.2020 0:00:00;3;12;576.977003
27.11.2020 0:00:00;4;12;576.977003
27.11.2020 0:00:00;5;12;416.316668300101
27.11.2020 0:00:00;6;12;576.977003
27.11.2020 0:00:00;7;12;656.977006
27.11.2020 0:00:00;8;12;662.867006
27.11.2020 0:00:00;9;12;669.327006
27.11.2020 0:00:00;10;12;676.167006
27.11.2020 0:00:00;11;12;676.927006
27.11.2020 0:00:00;12;12;675.027006
27.11.2020 0:00:00;13;12;669.137006
27.11.2020 0:00:00;14;12;663.247006
27.11.2020 0:00:00;15;12;656.977006
27.11.2020 0:00:00;16;12;656.977006
27.11.2020 0:00:00;17;12;656.977006
27.11.2020 0:00:00;18;12;656.977006
27.11.2020 0:00:00;19;12;656.977006
27.11.2020 0:00:00;20;12;576.977003
27.11.2020 0:00:00;21;12;518.977003
27.11.2020 0:00:00;22;12;518.977003
27.11.2020 0:00:00;23;12;449.440268008138
27.11.2020 0:00:00;0;14;76.5
27.11.2020 0:00:00;1;14;76.5
27.11.2020 0:00:00;2;14;76.5
27.11.2020 0:00:00;3;14;76.5
27.11.2020 0:00:00;4;14;76.5
27.11.2020 0:00:00;5;14;76.5
27.11.2020 0:00:00;6;14;76.5
27.11.2020 0:00:00;7;14;120.5
27.11.2020 0:00:00;8;14;120.5
27.11.2020 0:00:00;9;14;125.499998000002
27.11.2020 0:00:00;10;14;120.5
27.11.2020 0:00:00;11;14;125.499998000002
27.11.2020 0:00:00;12;14;125.499998000002
27.11.2020 0:00:00;13;14;125.499998000002
27.11.2020 0:00:00;14;14;120.5
27.11.2020 0:00:00;15;14;120.5
27.11.2020 0:00:00;16;14;120.5
27.11.2020 0:00:00;17;14;120.5
27.11.2020 0:00:00;18;14;120.5
27.11.2020 0:00:00;19;14;120.5
27.11.2020 0:00:00;20;14;120.5
27.11.2020 0:00:00;21;14;120.5
27.11.2020 0:00:00;22;14;120.5
27.11.2020 0:00:00;23;14;120.5
27.11.2020 0:00:00;0;15;2.8
27.11.2020 0:00:00;1;15;2.8
27.11.2020 0:00:00;2;15;2.8
27.11.2020 0:00:00;3;15;2.8
27.11.2020 0:00:00;4;15;2.8
27.11.2020 0:00:00;5;15;2.8
27.11.2020 0:00:00;6;15;9
27.11.2020 0:00:00;7;15;9
27.11.2020 0:00:00;8;15;9
27.11.2020 0:00:00;9;15;9
27.11.2020 0:00:00;10;15;9
27.11.2020 0:00:00;11;15;9
27.11.2020 0:00:00;12;15;9
27.11.2020 0:00:00;13;15;9
27.11.2020 0:00:00;14;15;9
27.11.2020 0:00:00;15;15;9
27.11.2020 0:00:00;16;15;9
27.11.2020 0:00:00;17;15;9
27.11.2020 0:00:00;18;15;9
27.11.2020 0:00:00;19;15;9
27.11.2020 0:00:00;20;15;9
27.11.2020 0:00:00;21;15;2.8
27.11.2020 0:00:00;22;15;2.8
27.11.2020 0:00:00;23;15;2.8
27.11.2020 0:00:00;0;17;182
27.11.2020 0:00:00;1;17;182
27.11.2020 0:00:00;2;17;182
27.11.2020 0:00:00;3;17;182
27.11.2020 0:00:00;4;17;182
27.11.2020 0:00:00;5;17;182
27.11.2020 0:00:00;6;17;182
27.11.2020 0:00:00;7;17;182
27.11.2020 0:00:00;8;17;182
27.11.2020 0:00:00;9;17;182
27.11.2020 0:00:00;10;17;182
27.11.2020 0:00:00;11;17;182
27.11.2020 0:00:00;12;17;182
27.11.2020 0:00:00;13;17;182
27.11.2020 0:00:00;14;17;182
27.11.2020 0:00:00;15;17;182
27.11.2020 0:00:00;16;17;182
27.11.2020 0:00:00;17;17;182
27.11.2020 0:00:00;18;17;182
27.11.2020 0:00:00;19;17;182
27.11.2020 0:00:00;20;17;182
27.11.2020 0:00:00;21;17;182
27.11.2020 0:00:00;22;17;182
27.11.2020 0:00:00;23;17;182
27.11.2020 0:00:00;0;18;536.2
27.11.2020 0:00:00;1;18;536.2
27.11.2020 0:00:00;2;18;536.2
27.11.2020 0:00:00;3;18;536.2
27.11.2020 0:00:00;4;18;558.200000000001
27.11.2020 0:00:00;5;18;536.2
27.11.2020 0:00:00;6;18;536.2
27.11.2020 0:00:00;7;18;563.200000000001
27.11.2020 0:00:00;8;18;558.200000000001
27.11.2020 0:00:00;9;18;561.052001000001
27.11.2020 0:00:00;10;18;559.815000000001
27.11.2020 0:00:00;11;18;562.283001000001
27.11.2020 0:00:00;12;18;562.360001000001
27.11.2020 0:00:00;13;18;562.168001000001
27.11.2020 0:00:00;14;18;559.371000000001
27.11.2020 0:00:00;15;18;558.200000000001
27.11.2020 0:00:00;16;18;558.200000000001
27.11.2020 0:00:00;17;18;558.200000000001
27.11.2020 0:00:00;18;18;558.200000000001
27.11.2020 0:00:00;19;18;558.200000000001
27.11.2020 0:00:00;20;18;536.2
27.11.2020 0:00:00;21;18;536.2
27.11.2020 0:00:00;22;18;536.2
27.11.2020 0:00:00;23;18;536.2
27.11.2020 0:00:00;0;19;1388.362001
27.11.2020 0:00:00;1;19;1193.362
27.11.2020 0:00:00;2;19;1138.311999
27.11.2020 0:00:00;3;19;1138.311999
27.11.2020 0:00:00;4;19;1138.311999
27.11.2020 0:00:00;5;19;1388.362001
27.11.2020 0:00:00;6;19;1388.362001
27.11.2020 0:00:00;7;19;1473.362003
27.11.2020 0:00:00;8;19;1473.362002
27.11.2020 0:00:00;9;19;1488.900003
27.11.2020 0:00:00;10;19;1484.767003
27.11.2020 0:00:00;11;19;1488.900003
27.11.2020 0:00:00;12;19;1488.900003
27.11.2020 0:00:00;13;19;1488.900003
27.11.2020 0:00:00;14;19;1473.362002
27.11.2020 0:00:00;15;19;1473.362002
27.11.2020 0:00:00;16;19;1473.362002
27.11.2020 0:00:00;17;19;1473.362002
27.11.2020 0:00:00;18;19;1473.362002
27.11.2020 0:00:00;19;19;1473.362002
27.11.2020 0:00:00;20;19;1473.362002
27.11.2020 0:00:00;21;19;1388.362001
27.11.2020 0:00:00;22;19;1388.362001
27.11.2020 0:00:00;23;19;1388.362001
27.11.2020 0:00:00;0;20;281.168
27.11.2020 0:00:00;1;20;281.168
27.11.2020 0:00:00;2;20;281.168
27.11.2020 0:00:00;3;20;281.168
27.11.2020 0:00:00;4;20;281.168
27.11.2020 0:00:00;5;20;281.168
27.11.2020 0:00:00;6;20;281.168
27.11.2020 0:00:00;7;20;317.668
27.11.2020 0:00:00;8;20;317.668
27.11.2020 0:00:00;9;20;317.668
27.11.2020 0:00:00;10;20;317.668
27.11.2020 0:00:00;11;20;317.668
27.11.2020 0:00:00;12;20;317.668
27.11.2020 0:00:00;13;20;317.668
27.11.2020 0:00:00;14;20;317.668
27.11.2020 0:00:00;15;20;317.668
27.11.2020 0:00:00;16;20;317.668
27.11.2020 0:00:00;17;20;317.668
27.11.2020 0:00:00;18;20;317.668
27.11.2020 0:00:00;19;20;317.668
27.11.2020 0:00:00;20;20;317.668
27.11.2020 0:00:00;21;20;317.668
27.11.2020 0:00:00;22;20;317.668
27.11.2020 0:00:00;23;20;281.168
27.11.2020 0:00:00;0;22;673.999997
27.11.2020 0:00:00;1;22;673.999997
27.11.2020 0:00:00;2;22;673.999999
27.11.2020 0:00:00;3;22;674
27.11.2020 0:00:00;4;22;673.999999
27.11.2020 0:00:00;5;22;673.999998
27.11.2020 0:00:00;6;22;756.999998
27.11.2020 0:00:00;7;22;1049.000003
27.11.2020 0:00:00;8;22;1144.000004
27.11.2020 0:00:00;9;22;1239.000003
27.11.2020 0:00:00;10;22;1239.000002
27.11.2020 0:00:00;11;22;1239.000003
27.11.2020 0:00:00;12;22;1239.000003
27.11.2020 0:00:00;13;22;1239.000003
27.11.2020 0:00:00;14;22;1066.1552879934
27.11.2020 0:00:00;15;22;1061.01469072789
27.11.2020 0:00:00;16;22;1144.000004
27.11.2020 0:00:00;17;22;1052.00481212557
27.11.2020 0:00:00;18;22;1049.000002
27.11.2020 0:00:00;19;22;1049
27.11.2020 0:00:00;20;22;719.999997
27.11.2020 0:00:00;21;22;696.999997
27.11.2020 0:00:00;22;22;673.999998
27.11.2020 0:00:00;23;22;673.999997
27.11.2020 0:00:00;0;24;360.998998
27.11.2020 0:00:00;1;24;360.998995
27.11.2020 0:00:00;2;24;324.999994
27.11.2020 0:00:00;3;24;324.999995
27.11.2020 0:00:00;4;24;324.999994
27.11.2020 0:00:00;5;24;360.999996
27.11.2020 0:00:00;6;24;360.999998
27.11.2020 0:00:00;7;24;360.999998
27.11.2020 0:00:00;8;24;360.999996
27.11.2020 0:00:00;9;24;360.999996
27.11.2020 0:00:00;10;24;360.999999
27.11.2020 0:00:00;11;24;360.999998
27.11.2020 0:00:00;12;24;360.999999
27.11.2020 0:00:00;13;24;360.999996
27.11.2020 0:00:00;14;24;360.999995
27.11.2020 0:00:00;15;24;360.999996
27.11.2020 0:00:00;16;24;360.999998
27.11.2020 0:00:00;17;24;360.999995
27.11.2020 0:00:00;18;24;360.999996
27.11.2020 0:00:00;19;24;360.999995
27.11.2020 0:00:00;20;24;360.999998
27.11.2020 0:00:00;21;24;360.999998
27.11.2020 0:00:00;22;24;360.999998
27.11.2020 0:00:00;23;24;360.999995
27.11.2020 0:00:00;0;25;1794.7411326402
27.11.2020 0:00:00;1;25;1811.30378737745
27.11.2020 0:00:00;2;25;1821.06680537683
27.11.2020 0:00:00;3;25;1845.499998
27.11.2020 0:00:00;4;25;1929.2435433259
27.11.2020 0:00:00;5;25;1860.57976875411
27.11.2020 0:00:00;6;25;1821.34421223254
27.11.2020 0:00:00;7;25;1816.35456044634
27.11.2020 0:00:00;8;25;1807.50946850348
27.11.2020 0:00:00;9;25;1801.86136714152
27.11.2020 0:00:00;10;25;1813.86134575734
27.11.2020 0:00:00;11;25;1857.49130903939
27.11.2020 0:00:00;12;25;1978.27121758139
27.11.2020 0:00:00;13;25;2008.34849289774
27.11.2020 0:00:00;14;25;1971.16068530445
27.11.2020 0:00:00;15;25;1835.26713272167
27.11.2020 0:00:00;16;25;1811.72354972953
27.11.2020 0:00:00;17;25;1817.89528936654
27.11.2020 0:00:00;18;25;1796.72815386426
27.11.2020 0:00:00;19;25;1773.12183377739
27.11.2020 0:00:00;20;25;1771.26460509649
27.11.2020 0:00:00;21;25;1769.62712128173
27.11.2020 0:00:00;22;25;1772.67682103675
27.11.2020 0:00:00;23;25;1772.67752732567
27.11.2020 0:00:00;0;26;0
27.11.2020 0:00:00;1;26;0
27.11.2020 0:00:00;2;26;0
27.11.2020 0:00:00;3;26;0
27.11.2020 0:00:00;4;26;0
27.11.2020 0:00:00;5;26;0
27.11.2020 0:00:00;6;26;0
27.11.2020 0:00:00;7;26;0
27.11.2020 0:00:00;8;26;0
27.11.2020 0:00:00;9;26;0
27.11.2020 0:00:00;10;26;0
27.11.2020 0:00:00;11;26;0
27.11.2020 0:00:00;12;26;0
27.11.2020 0:00:00;13;26;0
27.11.2020 0:00:00;14;26;0
27.11.2020 0:00:00;15;26;0
27.11.2020 0:00:00;16;26;0
27.11.2020 0:00:00;17;26;0
27.11.2020 0:00:00;18;26;0
27.11.2020 0:00:00;19;26;0
27.11.2020 0:00:00;20;26;0
27.11.2020 0:00:00;21;26;0
27.11.2020 0:00:00;22;26;0
27.11.2020 0:00:00;23;26;0
27.11.2020 0:00:00;0;28;663.249998
27.11.2020 0:00:00;1;28;663.249998
27.11.2020 0:00:00;2;28;663.249998
27.11.2020 0:00:00;3;28;663.249998
27.11.2020 0:00:00;4;28;663.249999
27.11.2020 0:00:00;5;28;1020.75
27.11.2020 0:00:00;6;28;1385.750002
27.11.2020 0:00:00;7;28;1411.750008
27.11.2020 0:00:00;8;28;1411.750008
27.11.2020 0:00:00;9;28;1411.750008
27.11.2020 0:00:00;10;28;1411.750008
27.11.2020 0:00:00;11;28;1411.750008
27.11.2020 0:00:00;12;28;1411.750008
27.11.2020 0:00:00;13;28;1411.750008
27.11.2020 0:00:00;14;28;1411.750008
27.11.2020 0:00:00;15;28;1411.750008
27.11.2020 0:00:00;16;28;1411.750008
27.11.2020 0:00:00;17;28;1411.750008
27.11.2020 0:00:00;18;28;1411.750008
27.11.2020 0:00:00;19;28;1411.750008
27.11.2020 0:00:00;20;28;1385.750002
27.11.2020 0:00:00;21;28;1385.750002
27.11.2020 0:00:00;22;28;1385.750002
27.11.2020 0:00:00;23;28;663.249999
27.11.2020 0:00:00;0;29;39
27.11.2020 0:00:00;1;29;39
27.11.2020 0:00:00;2;29;39
27.11.2020 0:00:00;3;29;39
27.11.2020 0:00:00;4;29;39
27.11.2020 0:00:00;5;29;39
27.11.2020 0:00:00;6;29;39
27.11.2020 0:00:00;7;29;39
27.11.2020 0:00:00;8;29;39
27.11.2020 0:00:00;9;29;39
27.11.2020 0:00:00;10;29;39
27.11.2020 0:00:00;11;29;39
27.11.2020 0:00:00;12;29;39
27.11.2020 0:00:00;13;29;39
27.11.2020 0:00:00;14;29;39
27.11.2020 0:00:00;15;29;39
27.11.2020 0:00:00;16;29;39
27.11.2020 0:00:00;17;29;39
27.11.2020 0:00:00;18;29;39
27.11.2020 0:00:00;19;29;39
27.11.2020 0:00:00;20;29;39
27.11.2020 0:00:00;21;29;39
27.11.2020 0:00:00;22;29;39
27.11.2020 0:00:00;23;29;39
27.11.2020 0:00:00;0;32;2085.099998
27.11.2020 0:00:00;1;32;2085.1
27.11.2020 0:00:00;2;32;2247.77125972952
27.11.2020 0:00:00;3;32;2300.55648931426
27.11.2020 0:00:00;4;32;2428.100008
27.11.2020 0:00:00;5;32;2472.13556195556
27.11.2020 0:00:00;6;32;2640.600009
27.11.2020 0:00:00;7;32;2781.600015
27.11.2020 0:00:00;8;32;2953.10820012225
27.11.2020 0:00:00;9;32;3013.60002
27.11.2020 0:00:00;10;32;3013.600016
27.11.2020 0:00:00;11;32;3013.600016
27.11.2020 0:00:00;12;32;3013.60002
27.11.2020 0:00:00;13;32;3013.60002
27.11.2020 0:00:00;14;32;2954.0266393458
27.11.2020 0:00:00;15;32;2781.600011
27.11.2020 0:00:00;16;32;2953.45141335708
27.11.2020 0:00:00;17;32;2781.600011
27.11.2020 0:00:00;18;32;2901.595012
27.11.2020 0:00:00;19;32;2901.04955859829
27.11.2020 0:00:00;20;32;2449.54724473909
27.11.2020 0:00:00;21;32;2365.095001
27.11.2020 0:00:00;22;32;2305.094998
27.11.2020 0:00:00;23;32;2319.75032577466
27.11.2020 0:00:00;0;33;321.9
27.11.2020 0:00:00;1;33;321.9
27.11.2020 0:00:00;2;33;321.9
27.11.2020 0:00:00;3;33;321.9
27.11.2020 0:00:00;4;33;321.9
27.11.2020 0:00:00;5;33;321.9
27.11.2020 0:00:00;6;33;431.950758563958
27.11.2020 0:00:00;7;33;582.300003
27.11.2020 0:00:00;8;33;617.300004
27.11.2020 0:00:00;9;33;617.300004
27.11.2020 0:00:00;10;33;617.300004
27.11.2020 0:00:00;11;33;617.300004
27.11.2020 0:00:00;12;33;617.300004
27.11.2020 0:00:00;13;33;617.300004
27.11.2020 0:00:00;14;33;582.300003
27.11.2020 0:00:00;15;33;582.300003
27.11.2020 0:00:00;16;33;617.300004
27.11.2020 0:00:00;17;33;582.300003
27.11.2020 0:00:00;18;33;582.300003
27.11.2020 0:00:00;19;33;571.742204661632
27.11.2020 0:00:00;20;33;428.193338046181
27.11.2020 0:00:00;21;33;424.300001
27.11.2020 0:00:00;22;33;424.300001
27.11.2020 0:00:00;23;33;321.9
27.11.2020 0:00:00;0;34;1131.97691255296
27.11.2020 0:00:00;1;34;1092.39395699134
27.11.2020 0:00:00;2;34;1656.300002
27.11.2020 0:00:00;3;34;1899.94017229967
27.11.2020 0:00:00;4;34;1656.300002
27.11.2020 0:00:00;5;34;2166.300005
27.11.2020 0:00:00;6;34;2166.300006
27.11.2020 0:00:00;7;34;2201.300006
27.11.2020 0:00:00;8;34;2201.300007
27.11.2020 0:00:00;9;34;2201.300006
27.11.2020 0:00:00;10;34;2201.300006
27.11.2020 0:00:00;11;34;2201.300006
27.11.2020 0:00:00;12;34;2201.300006
27.11.2020 0:00:00;13;34;2201.300006
27.11.2020 0:00:00;14;34;2201.300007
27.11.2020 0:00:00;15;34;2201.300006
27.11.2020 0:00:00;16;34;2201.300007
27.11.2020 0:00:00;17;34;2201.300006
27.11.2020 0:00:00;18;34;2201.300007
27.11.2020 0:00:00;19;34;2201.300006
27.11.2020 0:00:00;20;34;2166.300006
27.11.2020 0:00:00;21;34;2166.300006
27.11.2020 0:00:00;22;34;2166.300006
27.11.2020 0:00:00;23;34;1959.299998
27.11.2020 0:00:00;0;35;1068.312006
27.11.2020 0:00:00;1;35;1053.9737085526
27.11.2020 0:00:00;2;35;1034.70415394874
27.11.2020 0:00:00;3;35;1028.56787419662
27.11.2020 0:00:00;4;35;1047.02476109262
27.11.2020 0:00:00;5;35;1069.172006
27.11.2020 0:00:00;6;35;1062.642006
27.11.2020 0:00:00;7;35;1060.752005
27.11.2020 0:00:00;8;35;1061.762005
27.11.2020 0:00:00;9;35;1064.972005
27.11.2020 0:00:00;10;35;1070.732005
27.11.2020 0:00:00;11;35;1076.082005
27.11.2020 0:00:00;12;35;1074.342005
27.11.2020 0:00:00;13;35;1071.312005
27.11.2020 0:00:00;14;35;1074.052005
27.11.2020 0:00:00;15;35;1073.942005
27.11.2020 0:00:00;16;35;1066.282005
27.11.2020 0:00:00;17;35;1062.752005
27.11.2020 0:00:00;18;35;1063.002005
27.11.2020 0:00:00;19;35;1070.092005
27.11.2020 0:00:00;20;35;1069.792005
27.11.2020 0:00:00;21;35;1069.752005
27.11.2020 0:00:00;22;35;1065.832006
27.11.2020 0:00:00;23;35;1066.162006
27.11.2020 0:00:00;0;36;1443.196992
27.11.2020 0:00:00;1;36;1443.296995
27.11.2020 0:00:00;2;36;1443.296992
27.11.2020 0:00:00;3;36;1443.296994
27.11.2020 0:00:00;4;36;1443.296995
27.11.2020 0:00:00;5;36;1519.699995
27.11.2020 0:00:00;6;36;1519.600001
27.11.2020 0:00:00;7;36;1637.1
27.11.2020 0:00:00;8;36;1637.099997
27.11.2020 0:00:00;9;36;1643.080002
27.11.2020 0:00:00;10;36;1638.919997
27.11.2020 0:00:00;11;36;1644.19
27.11.2020 0:00:00;12;36;1643.660002
27.11.2020 0:00:00;13;36;1642.300002
27.11.2020 0:00:00;14;36;1637.300001
27.11.2020 0:00:00;15;36;1637.399999
27.11.2020 0:00:00;16;36;1637.5
27.11.2020 0:00:00;17;36;1637.399999
27.11.2020 0:00:00;18;36;1637.299997
27.11.2020 0:00:00;19;36;1637.299999
27.11.2020 0:00:00;20;36;1519.799996
27.11.2020 0:00:00;21;36;1519.699998
27.11.2020 0:00:00;22;36;1442.996992
27.11.2020 0:00:00;23;36;1443.196992
27.11.2020 0:00:00;0;37;420.665
27.11.2020 0:00:00;1;37;420.664997
27.11.2020 0:00:00;2;37;420.664997
27.11.2020 0:00:00;3;37;420.664999
27.11.2020 0:00:00;4;37;440.665002
27.11.2020 0:00:00;5;37;440.665002
27.11.2020 0:00:00;6;37;440.665002
27.11.2020 0:00:00;7;37;440.665002
27.11.2020 0:00:00;8;37;440.665002
27.11.2020 0:00:00;9;37;440.665002
27.11.2020 0:00:00;10;37;440.665002
27.11.2020 0:00:00;11;37;440.665002
27.11.2020 0:00:00;12;37;440.665002
27.11.2020 0:00:00;13;37;440.665002
27.11.2020 0:00:00;14;37;440.665002
27.11.2020 0:00:00;15;37;440.665002
27.11.2020 0:00:00;16;37;440.665002
27.11.2020 0:00:00;17;37;440.665002
27.11.2020 0:00:00;18;37;440.665002
27.11.2020 0:00:00;19;37;440.665002
27.11.2020 0:00:00;20;37;440.665002
27.11.2020 0:00:00;21;37;440.665002
27.11.2020 0:00:00;22;37;420.665
27.11.2020 0:00:00;23;37;420.665
27.11.2020 0:00:00;0;38;146.799999
27.11.2020 0:00:00;1;38;146.799999
27.11.2020 0:00:00;2;38;146.799999
27.11.2020 0:00:00;3;38;146.799999
27.11.2020 0:00:00;4;38;146.799999
27.11.2020 0:00:00;5;38;146.799999
27.11.2020 0:00:00;6;38;146.799999
27.11.2020 0:00:00;7;38;146.799999
27.11.2020 0:00:00;8;38;146.799999
27.11.2020 0:00:00;9;38;146.799999
27.11.2020 0:00:00;10;38;146.799999
27.11.2020 0:00:00;11;38;146.799999
27.11.2020 0:00:00;12;38;146.799999
27.11.2020 0:00:00;13;38;146.799999
27.11.2020 0:00:00;14;38;146.799999
27.11.2020 0:00:00;15;38;146.799999
27.11.2020 0:00:00;16;38;146.799999
27.11.2020 0:00:00;17;38;146.799999
27.11.2020 0:00:00;18;38;146.8
27.11.2020 0:00:00;19;38;146.799999
27.11.2020 0:00:00;20;38;146.8
27.11.2020 0:00:00;21;38;146.799999
27.11.2020 0:00:00;22;38;146.799999
27.11.2020 0:00:00;23;38;146.799999
27.11.2020 0:00:00;0;41;3304.009997
27.11.2020 0:00:00;1;41;3304.009998
27.11.2020 0:00:00;2;41;3304.009997
27.11.2020 0:00:00;3;41;3340.409997
27.11.2020 0:00:00;4;41;3377.309997
27.11.2020 0:00:00;5;41;3377.309997
27.11.2020 0:00:00;6;41;3565.06001637202
27.11.2020 0:00:00;7;41;3833.110009
27.11.2020 0:00:00;8;41;3833.110009
27.11.2020 0:00:00;9;41;3847.210013
27.11.2020 0:00:00;10;41;4077.710011
27.11.2020 0:00:00;11;41;4077.710013
27.11.2020 0:00:00;12;41;4077.710013
27.11.2020 0:00:00;13;41;4077.710013
27.11.2020 0:00:00;14;41;4072.71001
27.11.2020 0:00:00;15;41;4072.71001
27.11.2020 0:00:00;16;41;4072.71001
27.11.2020 0:00:00;17;41;4072.71001
27.11.2020 0:00:00;18;41;4102.71001
27.11.2020 0:00:00;19;41;4102.710008
27.11.2020 0:00:00;20;41;4102.710009
27.11.2020 0:00:00;21;41;4070.410007
27.11.2020 0:00:00;22;41;4016.410005
27.11.2020 0:00:00;23;41;3653.55824576966
27.11.2020 0:00:00;0;42;706
27.11.2020 0:00:00;1;42;706
27.11.2020 0:00:00;2;42;706
27.11.2020 0:00:00;3;42;706
27.11.2020 0:00:00;4;42;706
27.11.2020 0:00:00;5;42;706
27.11.2020 0:00:00;6;42;706
27.11.2020 0:00:00;7;42;706
27.11.2020 0:00:00;8;42;706
27.11.2020 0:00:00;9;42;706
27.11.2020 0:00:00;10;42;706
27.11.2020 0:00:00;11;42;706
27.11.2020 0:00:00;12;42;706
27.11.2020 0:00:00;13;42;706
27.11.2020 0:00:00;14;42;706
27.11.2020 0:00:00;15;42;706
27.11.2020 0:00:00;16;42;706
27.11.2020 0:00:00;17;42;706
27.11.2020 0:00:00;18;42;706
27.11.2020 0:00:00;19;42;706
27.11.2020 0:00:00;20;42;706
27.11.2020 0:00:00;21;42;706
27.11.2020 0:00:00;22;42;706
27.11.2020 0:00:00;23;42;706
27.11.2020 0:00:00;0;46;7702.441993
27.11.2020 0:00:00;1;46;7337.89562941037
27.11.2020 0:00:00;2;46;6976.295988
27.11.2020 0:00:00;3;46;6976.295988
27.11.2020 0:00:00;4;46;6976.295987
27.11.2020 0:00:00;5;46;7858.82414152009
27.11.2020 0:00:00;6;46;9376.37759453491
27.11.2020 0:00:00;7;46;9609.584042
27.11.2020 0:00:00;8;46;9623.384042
27.11.2020 0:00:00;9;46;9679.77335845431
27.11.2020 0:00:00;10;46;9637.73301452506
27.11.2020 0:00:00;11;46;9678.384044
27.11.2020 0:00:00;12;46;9681.88404600002
27.11.2020 0:00:00;13;46;9581.88404400005
27.11.2020 0:00:00;14;46;9557.05805194724
27.11.2020 0:00:00;15;46;9489.88400209622
27.11.2020 0:00:00;16;46;9422.78243625079
27.11.2020 0:00:00;17;46;9422.36885511028
27.11.2020 0:00:00;18;46;9468.74511499255
27.11.2020 0:00:00;19;46;9578.28404200005
27.11.2020 0:00:00;20;46;9471.18403800005
27.11.2020 0:00:00;21;46;9176.00170176874
27.11.2020 0:00:00;22;46;7869.78827218655
27.11.2020 0:00:00;23;46;7570.42199
27.11.2020 0:00:00;0;47;85.999999
27.11.2020 0:00:00;1;47;85.999999
27.11.2020 0:00:00;2;47;85.999999
27.11.2020 0:00:00;3;47;85.999999
27.11.2020 0:00:00;4;47;85.999999
27.11.2020 0:00:00;5;47;85.999999
27.11.2020 0:00:00;6;47;85.999999
27.11.2020 0:00:00;7;47;85.999999
27.11.2020 0:00:00;8;47;90.7103611951554
27.11.2020 0:00:00;9;47;92.1889236569446
27.11.2020 0:00:00;10;47;91.0298200534681
27.11.2020 0:00:00;11;47;87.9548534847086
27.11.2020 0:00:00;12;47;85.999999
27.11.2020 0:00:00;13;47;85.999999
27.11.2020 0:00:00;14;47;90.3873241472718
27.11.2020 0:00:00;15;47;85.999999
27.11.2020 0:00:00;16;47;92.8770584692522
27.11.2020 0:00:00;17;47;91.018307864764
27.11.2020 0:00:00;18;47;89.3139213426183
27.11.2020 0:00:00;19;47;85.999999
27.11.2020 0:00:00;20;47;85.999999
27.11.2020 0:00:00;21;47;86
27.11.2020 0:00:00;22;47;86
27.11.2020 0:00:00;23;47;85.999999
27.11.2020 0:00:00;0;49;258.000001
27.11.2020 0:00:00;1;49;137
27.11.2020 0:00:00;2;49;137
27.11.2020 0:00:00;3;49;137
27.11.2020 0:00:00;4;49;137
27.11.2020 0:00:00;5;49;137
27.11.2020 0:00:00;6;49;170.855091215119
27.11.2020 0:00:00;7;49;258.000001
27.11.2020 0:00:00;8;49;258.000001
27.11.2020 0:00:00;9;49;258.000001
27.11.2020 0:00:00;10;49;258.000001
27.11.2020 0:00:00;11;49;258.000001
27.11.2020 0:00:00;12;49;258.000001
27.11.2020 0:00:00;13;49;258.000001
27.11.2020 0:00:00;14;49;258.000001
27.11.2020 0:00:00;15;49;258.000001
27.11.2020 0:00:00;16;49;258.000001
27.11.2020 0:00:00;17;49;258.000001
27.11.2020 0:00:00;18;49;258.000001
27.11.2020 0:00:00;19;49;258.000001
27.11.2020 0:00:00;20;49;258.000001
27.11.2020 0:00:00;21;49;258.000001
27.11.2020 0:00:00;22;49;258.000001
27.11.2020 0:00:00;23;49;258.000001
27.11.2020 0:00:00;0;50;1494.999999
27.11.2020 0:00:00;1;50;1494.999997
27.11.2020 0:00:00;2;50;1504.999997
27.11.2020 0:00:00;3;50;1625.000002
27.11.2020 0:00:00;4;50;1775.59992866944
27.11.2020 0:00:00;5;50;1772.000012
27.11.2020 0:00:00;6;50;1782.000015
27.11.2020 0:00:00;7;50;1782.000016
27.11.2020 0:00:00;8;50;1802.300015
27.11.2020 0:00:00;9;50;1827.600017
27.11.2020 0:00:00;10;50;1842.900016
27.11.2020 0:00:00;11;50;1868.100016
27.11.2020 0:00:00;12;50;1888.400016
27.11.2020 0:00:00;13;50;1910.700016
27.11.2020 0:00:00;14;50;1925.000015
27.11.2020 0:00:00;15;50;1980.000017
27.11.2020 0:00:00;16;50;1980.000017
27.11.2020 0:00:00;17;50;1980.000016
27.11.2020 0:00:00;18;50;1980.000016
27.11.2020 0:00:00;19;50;1810.000015
27.11.2020 0:00:00;20;50;1794.92107542428
27.11.2020 0:00:00;21;50;1751.5114856176
27.11.2020 0:00:00;22;50;1729.999005
27.11.2020 0:00:00;23;50;1644.996999
27.11.2020 0:00:00;0;52;699.653996993
27.11.2020 0:00:00;1;52;699.653997993
27.11.2020 0:00:00;2;52;699.653997993
27.11.2020 0:00:00;3;52;826.000000712
27.11.2020 0:00:00;4;52;937.097005238
27.11.2020 0:00:00;5;52;937.097005238
27.11.2020 0:00:00;6;52;984.097008238
27.11.2020 0:00:00;7;52;984.097008238
27.11.2020 0:00:00;8;52;984.097008238
27.11.2020 0:00:00;9;52;984.097008238
27.11.2020 0:00:00;10;52;984.097008238
27.11.2020 0:00:00;11;52;984.097008238
27.11.2020 0:00:00;12;52;984.097008238
27.11.2020 0:00:00;13;52;984.097008238
27.11.2020 0:00:00;14;52;984.097008238
27.11.2020 0:00:00;15;52;984.097008238
27.11.2020 0:00:00;16;52;973.647008428
27.11.2020 0:00:00;17;52;973.647008428
27.11.2020 0:00:00;18;52;973.647007428
27.11.2020 0:00:00;19;52;973.647008428
27.11.2020 0:00:00;20;52;926.647005428
27.11.2020 0:00:00;21;52;926.647005428
27.11.2020 0:00:00;22;52;888.984770973352
27.11.2020 0:00:00;23;52;703.299998902
27.11.2020 0:00:00;0;53;1188.355
27.11.2020 0:00:00;1;53;1221.755
27.11.2020 0:00:00;2;53;1255.055
27.11.2020 0:00:00;3;53;1280.055
27.11.2020 0:00:00;4;53;1344.0689923586
27.11.2020 0:00:00;5;53;1377.32077717107
27.11.2020 0:00:00;6;53;1549.59107776746
27.11.2020 0:00:00;7;53;1702.055004
27.11.2020 0:00:00;8;53;1817.899005
27.11.2020 0:00:00;9;53;2030.323002
27.11.2020 0:00:00;10;53;1932.08755676875
27.11.2020 0:00:00;11;53;2037.81388594753
27.11.2020 0:00:00;12;53;2079.91119798066
27.11.2020 0:00:00;13;53;2087.446003
27.11.2020 0:00:00;14;53;1788.31901209368
27.11.2020 0:00:00;15;53;1752.055003
27.11.2020 0:00:00;16;53;1812.055005
27.11.2020 0:00:00;17;53;1752.055003
27.11.2020 0:00:00;18;53;1711.9090012277
27.11.2020 0:00:00;19;53;1702.055002
27.11.2020 0:00:00;20;53;1474.74147577908
27.11.2020 0:00:00;21;53;1330.055
27.11.2020 0:00:00;22;53;1330.055
27.11.2020 0:00:00;23;53;1330.055
27.11.2020 0:00:00;0;54;151
27.11.2020 0:00:00;1;54;151
27.11.2020 0:00:00;2;54;151
27.11.2020 0:00:00;3;54;150.999999
27.11.2020 0:00:00;4;54;150.999999
27.11.2020 0:00:00;5;54;151
27.11.2020 0:00:00;6;54;160.999999
27.11.2020 0:00:00;7;54;161
27.11.2020 0:00:00;8;54;161
27.11.2020 0:00:00;9;54;161
27.11.2020 0:00:00;10;54;161
27.11.2020 0:00:00;11;54;161
27.11.2020 0:00:00;12;54;161
27.11.2020 0:00:00;13;54;161
27.11.2020 0:00:00;14;54;161
27.11.2020 0:00:00;15;54;161
27.11.2020 0:00:00;16;54;161
27.11.2020 0:00:00;17;54;161
27.11.2020 0:00:00;18;54;161
27.11.2020 0:00:00;19;54;161
27.11.2020 0:00:00;20;54;161
27.11.2020 0:00:00;21;54;152
27.11.2020 0:00:00;22;54;152
27.11.2020 0:00:00;23;54;152
27.11.2020 0:00:00;0;56;131
27.11.2020 0:00:00;1;56;131
27.11.2020 0:00:00;2;56;131
27.11.2020 0:00:00;3;56;131
27.11.2020 0:00:00;4;56;131
27.11.2020 0:00:00;5;56;131
27.11.2020 0:00:00;6;56;131
27.11.2020 0:00:00;7;56;131
27.11.2020 0:00:00;8;56;131
27.11.2020 0:00:00;9;56;131
27.11.2020 0:00:00;10;56;131
27.11.2020 0:00:00;11;56;131
27.11.2020 0:00:00;12;56;131
27.11.2020 0:00:00;13;56;140.999998833333
27.11.2020 0:00:00;14;56;131
27.11.2020 0:00:00;15;56;131
27.11.2020 0:00:00;16;56;131
27.11.2020 0:00:00;17;56;131
27.11.2020 0:00:00;18;56;131
27.11.2020 0:00:00;19;56;131
27.11.2020 0:00:00;20;56;131
27.11.2020 0:00:00;21;56;131
27.11.2020 0:00:00;22;56;131
27.11.2020 0:00:00;23;56;131
27.11.2020 0:00:00;0;57;2698.570004
27.11.2020 0:00:00;1;57;2698.570004
27.11.2020 0:00:00;2;57;2698.570004
27.11.2020 0:00:00;3;57;2821.91865797064
27.11.2020 0:00:00;4;57;3146.570005
27.11.2020 0:00:00;5;57;3206.570005
27.11.2020 0:00:00;6;57;3207.170005
27.11.2020 0:00:00;7;57;3211.670005
27.11.2020 0:00:00;8;57;3211.670005
27.11.2020 0:00:00;9;57;3211.670005
27.11.2020 0:00:00;10;57;3211.670005
27.11.2020 0:00:00;11;57;3211.670005
27.11.2020 0:00:00;12;57;3211.670005
27.11.2020 0:00:00;13;57;3211.670005
27.11.2020 0:00:00;14;57;3211.670005
27.11.2020 0:00:00;15;57;3211.670005
27.11.2020 0:00:00;16;57;3211.670005
27.11.2020 0:00:00;17;57;3211.670005
27.11.2020 0:00:00;18;57;3211.670005
27.11.2020 0:00:00;19;57;3211.670005
27.11.2020 0:00:00;20;57;3211.670005
27.11.2020 0:00:00;21;57;3166.4285710336
27.11.2020 0:00:00;22;57;3091.670005
27.11.2020 0:00:00;23;57;2699.170004
27.11.2020 0:00:00;0;58;0
27.11.2020 0:00:00;1;58;0
27.11.2020 0:00:00;2;58;0
27.11.2020 0:00:00;3;58;0
27.11.2020 0:00:00;4;58;0
27.11.2020 0:00:00;5;58;0
27.11.2020 0:00:00;6;58;0
27.11.2020 0:00:00;7;58;0
27.11.2020 0:00:00;8;58;0
27.11.2020 0:00:00;9;58;0
27.11.2020 0:00:00;10;58;0
27.11.2020 0:00:00;11;58;0
27.11.2020 0:00:00;12;58;0
27.11.2020 0:00:00;13;58;0
27.11.2020 0:00:00;14;58;0
27.11.2020 0:00:00;15;58;0
27.11.2020 0:00:00;16;58;0
27.11.2020 0:00:00;17;58;0
27.11.2020 0:00:00;18;58;0
27.11.2020 0:00:00;19;58;0
27.11.2020 0:00:00;20;58;0
27.11.2020 0:00:00;21;58;0
27.11.2020 0:00:00;22;58;0
27.11.2020 0:00:00;23;58;0
27.11.2020 0:00:00;0;60;877.500003
27.11.2020 0:00:00;1;60;860.8
27.11.2020 0:00:00;2;60;890.800001
27.11.2020 0:00:00;3;60;890.2
27.11.2020 0:00:00;4;60;969.415780053612
27.11.2020 0:00:00;5;60;950.800004
27.11.2020 0:00:00;6;60;1007.800005
27.11.2020 0:00:00;7;60;1107.800005
27.11.2020 0:00:00;8;60;1107.800005
27.11.2020 0:00:00;9;60;1152.800006
27.11.2020 0:00:00;10;60;1107.800005
27.11.2020 0:00:00;11;60;1107.800005
27.11.2020 0:00:00;12;60;1107.800005
27.11.2020 0:00:00;13;60;1107.800005
27.11.2020 0:00:00;14;60;1107.800005
27.11.2020 0:00:00;15;60;1107.800005
27.11.2020 0:00:00;16;60;1107.800005
27.11.2020 0:00:00;17;60;1149.88905305927
27.11.2020 0:00:00;18;60;1152.800006
27.11.2020 0:00:00;19;60;1107.800005
27.11.2020 0:00:00;20;60;1007.800005
27.11.2020 0:00:00;21;60;998.800005
27.11.2020 0:00:00;22;60;998.800005
27.11.2020 0:00:00;23;60;998.800005
27.11.2020 0:00:00;0;61;524.999997
27.11.2020 0:00:00;1;61;524.999997
27.11.2020 0:00:00;2;61;524.999997
27.11.2020 0:00:00;3;61;524.999997
27.11.2020 0:00:00;4;61;524.999997
27.11.2020 0:00:00;5;61;524.999997
27.11.2020 0:00:00;6;61;524.999997
27.11.2020 0:00:00;7;61;524.999997
27.11.2020 0:00:00;8;61;524.999997
27.11.2020 0:00:00;9;61;525
27.11.2020 0:00:00;10;61;524.999997
27.11.2020 0:00:00;11;61;524.999997
27.11.2020 0:00:00;12;61;524.999997
27.11.2020 0:00:00;13;61;524.999998
27.11.2020 0:00:00;14;61;524.999997
27.11.2020 0:00:00;15;61;524.999997
27.11.2020 0:00:00;16;61;524.999998
27.11.2020 0:00:00;17;61;524.999997
27.11.2020 0:00:00;18;61;524.999997
27.11.2020 0:00:00;19;61;524.999997
27.11.2020 0:00:00;20;61;524.999999
27.11.2020 0:00:00;21;61;515.999997
27.11.2020 0:00:00;22;61;515.999997
27.11.2020 0:00:00;23;61;515.999997
27.11.2020 0:00:00;0;63;532.999994
27.11.2020 0:00:00;1;63;532.999995
27.11.2020 0:00:00;2;63;532.999994
27.11.2020 0:00:00;3;63;532.999994
27.11.2020 0:00:00;4;63;532.999995
27.11.2020 0:00:00;5;63;532.999994
27.11.2020 0:00:00;6;63;532.999994
27.11.2020 0:00:00;7;63;534.209828307074
27.11.2020 0:00:00;8;63;537.584150264809
27.11.2020 0:00:00;9;63;536.354196054421
27.11.2020 0:00:00;10;63;535.309998
27.11.2020 0:00:00;11;63;535.539995
27.11.2020 0:00:00;12;63;535.309995
27.11.2020 0:00:00;13;63;534.529995
27.11.2020 0:00:00;14;63;533.719996
27.11.2020 0:00:00;15;63;532.999996
27.11.2020 0:00:00;16;63;535.972855926795
27.11.2020 0:00:00;17;63;533.363883712481
27.11.2020 0:00:00;18;63;532.999994
27.11.2020 0:00:00;19;63;532.999997
27.11.2020 0:00:00;20;63;532.999995
27.11.2020 0:00:00;21;63;532.999995
27.11.2020 0:00:00;22;63;532.999995
27.11.2020 0:00:00;23;63;532.999995
27.11.2020 0:00:00;0;65;5211.931007
27.11.2020 0:00:00;1;65;5165.68231070421
27.11.2020 0:00:00;2;65;5211.931006
27.11.2020 0:00:00;3;65;5211.934009
27.11.2020 0:00:00;4;65;5391.934011
27.11.2020 0:00:00;5;65;5865.49250821886
27.11.2020 0:00:00;6;65;5868.43401505
27.11.2020 0:00:00;7;65;5872.53401605
27.11.2020 0:00:00;8;65;5874.534017
27.11.2020 0:00:00;9;65;5904.43402
27.11.2020 0:00:00;10;65;5874.334017
27.11.2020 0:00:00;11;65;5904.33402
27.11.2020 0:00:00;12;65;5904.33402
27.11.2020 0:00:00;13;65;5904.43402
27.11.2020 0:00:00;14;65;5874.434017
27.11.2020 0:00:00;15;65;5872.43401605
27.11.2020 0:00:00;16;65;5874.534017
27.11.2020 0:00:00;17;65;5874.634017
27.11.2020 0:00:00;18;65;5868.58401505
27.11.2020 0:00:00;19;65;5868.68401405
27.11.2020 0:00:00;20;65;5868.68401505
27.11.2020 0:00:00;21;65;5392.034011
27.11.2020 0:00:00;22;65;5392.03401
27.11.2020 0:00:00;23;65;5212.031007
27.11.2020 0:00:00;0;66;399.999999
27.11.2020 0:00:00;1;66;399.999999
27.11.2020 0:00:00;2;66;399.999999
27.11.2020 0:00:00;3;66;399.999999
27.11.2020 0:00:00;4;66;399.999999
27.11.2020 0:00:00;5;66;400
27.11.2020 0:00:00;6;66;400
27.11.2020 0:00:00;7;66;465.000001
27.11.2020 0:00:00;8;66;465.000001
27.11.2020 0:00:00;9;66;465.000001
27.11.2020 0:00:00;10;66;465.000001
27.11.2020 0:00:00;11;66;465.000001
27.11.2020 0:00:00;12;66;465.000001
27.11.2020 0:00:00;13;66;465.000001
27.11.2020 0:00:00;14;66;465.000001
27.11.2020 0:00:00;15;66;465.000001
27.11.2020 0:00:00;16;66;465.000001
27.11.2020 0:00:00;17;66;465.000001
27.11.2020 0:00:00;18;66;465.000001
27.11.2020 0:00:00;19;66;465.000001
27.11.2020 0:00:00;20;66;465.000001
27.11.2020 0:00:00;21;66;465.000001
27.11.2020 0:00:00;22;66;410
27.11.2020 0:00:00;23;66;399.999999
27.11.2020 0:00:00;0;68;142.999999
27.11.2020 0:00:00;1;68;142.999999
27.11.2020 0:00:00;2;68;142.999999
27.11.2020 0:00:00;3;68;142.999999
27.11.2020 0:00:00;4;68;142.999999
27.11.2020 0:00:00;5;68;142.999999
27.11.2020 0:00:00;6;68;142.999999
27.11.2020 0:00:00;7;68;142.999999
27.11.2020 0:00:00;8;68;143
27.11.2020 0:00:00;9;68;142.999999
27.11.2020 0:00:00;10;68;142.999999
27.11.2020 0:00:00;11;68;142.999999
27.11.2020 0:00:00;12;68;142.999999
27.11.2020 0:00:00;13;68;142.999999
27.11.2020 0:00:00;14;68;142.999999
27.11.2020 0:00:00;15;68;142.999999
27.11.2020 0:00:00;16;68;142.999999
27.11.2020 0:00:00;17;68;142.999999
27.11.2020 0:00:00;18;68;142.999999
27.11.2020 0:00:00;19;68;142.999999
27.11.2020 0:00:00;20;68;142.999999
27.11.2020 0:00:00;21;68;142.999999
27.11.2020 0:00:00;22;68;142.999999
27.11.2020 0:00:00;23;68;142.999999
27.11.2020 0:00:00;0;69;376.699997
27.11.2020 0:00:00;1;69;376.7
27.11.2020 0:00:00;2;69;376.7
27.11.2020 0:00:00;3;69;376.699998
27.11.2020 0:00:00;4;69;376.7
27.11.2020 0:00:00;5;69;376.699997
27.11.2020 0:00:00;6;69;376.7
27.11.2020 0:00:00;7;69;376.7
27.11.2020 0:00:00;8;69;376.699997
27.11.2020 0:00:00;9;69;487.700005
27.11.2020 0:00:00;10;69;376.719897547704
27.11.2020 0:00:00;11;69;487.700005
27.11.2020 0:00:00;12;69;487.700005
27.11.2020 0:00:00;13;69;487.700005
27.11.2020 0:00:00;14;69;376.7
27.11.2020 0:00:00;15;69;376.699998
27.11.2020 0:00:00;16;69;376.699997
27.11.2020 0:00:00;17;69;376.7
27.11.2020 0:00:00;18;69;376.699997
27.11.2020 0:00:00;19;69;376.7
27.11.2020 0:00:00;20;69;376.699998
27.11.2020 0:00:00;21;69;376.699998
27.11.2020 0:00:00;22;69;376.7
27.11.2020 0:00:00;23;69;376.7
27.11.2020 0:00:00;0;70;512.599999
27.11.2020 0:00:00;1;70;512.599999
27.11.2020 0:00:00;2;70;512.599999
27.11.2020 0:00:00;3;70;512.599999
27.11.2020 0:00:00;4;70;512.599999
27.11.2020 0:00:00;5;70;512.599999
27.11.2020 0:00:00;6;70;606
27.11.2020 0:00:00;7;70;610.5
27.11.2020 0:00:00;8;70;610.5
27.11.2020 0:00:00;9;70;689.910552292908
27.11.2020 0:00:00;10;70;610.5
27.11.2020 0:00:00;11;70;610.500001
27.11.2020 0:00:00;12;70;710.500002
27.11.2020 0:00:00;13;70;716.500003
27.11.2020 0:00:00;14;70;605.5
27.11.2020 0:00:00;15;70;605.5
27.11.2020 0:00:00;16;70;605.5
27.11.2020 0:00:00;17;70;605.5
27.11.2020 0:00:00;18;70;615.5
27.11.2020 0:00:00;19;70;615.5
27.11.2020 0:00:00;20;70;615.5
27.11.2020 0:00:00;21;70;606
27.11.2020 0:00:00;22;70;512.599999
27.11.2020 0:00:00;23;70;512.599999
27.11.2020 0:00:00;0;71;10479.8481588586
27.11.2020 0:00:00;1;71;10479.3527136692
27.11.2020 0:00:00;2;71;10480.8248821193
27.11.2020 0:00:00;3;71;10586.7675862488
27.11.2020 0:00:00;4;71;10766.9777799415
27.11.2020 0:00:00;5;71;11004.589022697
27.11.2020 0:00:00;6;71;11008.7869232563
27.11.2020 0:00:00;7;71;11030.3500300406
27.11.2020 0:00:00;8;71;11261.7121274388
27.11.2020 0:00:00;9;71;11279.0869166875
27.11.2020 0:00:00;10;71;11297.9587935699
27.11.2020 0:00:00;11;71;11317.851678237
27.11.2020 0:00:00;12;71;11339.6689585332
27.11.2020 0:00:00;13;71;11364.8687562536
27.11.2020 0:00:00;14;71;11432.7427947016
27.11.2020 0:00:00;15;71;11230.8620903756
27.11.2020 0:00:00;16;71;11431.9401686614
27.11.2020 0:00:00;17;71;11430.6240799612
27.11.2020 0:00:00;18;71;11215.2829732159
27.11.2020 0:00:00;19;71;11000.203996867
27.11.2020 0:00:00;20;71;10990.8909447197
27.11.2020 0:00:00;21;71;10935.508017
27.11.2020 0:00:00;22;71;10920.6140820439
27.11.2020 0:00:00;23;71;10884.206017
27.11.2020 0:00:00;0;73;450.039999
27.11.2020 0:00:00;1;73;447.999999
27.11.2020 0:00:00;2;73;447.999999
27.11.2020 0:00:00;3;73;448
27.11.2020 0:00:00;4;73;448
27.11.2020 0:00:00;5;73;448
27.11.2020 0:00:00;6;73;448
27.11.2020 0:00:00;7;73;448
27.11.2020 0:00:00;8;73;482.999999
27.11.2020 0:00:00;9;73;482.999998
27.11.2020 0:00:00;10;73;482.999999
27.11.2020 0:00:00;11;73;485.000001000001
27.11.2020 0:00:00;12;73;485.000001000001
27.11.2020 0:00:00;13;73;485.000001000001
27.11.2020 0:00:00;14;73;482.999999
27.11.2020 0:00:00;15;73;448
27.11.2020 0:00:00;16;73;482.999998
27.11.2020 0:00:00;17;73;482.999999
27.11.2020 0:00:00;18;73;448
27.11.2020 0:00:00;19;73;450.13
27.11.2020 0:00:00;20;73;452.74
27.11.2020 0:00:00;21;73;450.3
27.11.2020 0:00:00;22;73;451.689999
27.11.2020 0:00:00;23;73;451.189999
27.11.2020 0:00:00;0;75;2470.100001
27.11.2020 0:00:00;1;75;2470.1
27.11.2020 0:00:00;2;75;2470.100001
27.11.2020 0:00:00;3;75;2470.100001
27.11.2020 0:00:00;4;75;2579.100003
27.11.2020 0:00:00;5;75;2579.100003
27.11.2020 0:00:00;6;75;2739.400007
27.11.2020 0:00:00;7;75;2809.400007
27.11.2020 0:00:00;8;75;2907.55535104772
27.11.2020 0:00:00;9;75;2961.400007
27.11.2020 0:00:00;10;75;2970.400007
27.11.2020 0:00:00;11;75;2994.400007
27.11.2020 0:00:00;12;75;2998.400008
27.11.2020 0:00:00;13;75;2990.400008
27.11.2020 0:00:00;14;75;2909.400007
27.11.2020 0:00:00;15;75;2903.50005188665
27.11.2020 0:00:00;16;75;2993.21956006264
27.11.2020 0:00:00;17;75;2954.410008
27.11.2020 0:00:00;18;75;2872.410006
27.11.2020 0:00:00;19;75;2869.410003
27.11.2020 0:00:00;20;75;2712.100003
27.11.2020 0:00:00;21;75;2624.110003
27.11.2020 0:00:00;22;75;2624.110003
27.11.2020 0:00:00;23;75;2519.1
27.11.2020 0:00:00;0;76;884.999997
27.11.2020 0:00:00;1;76;884.999999
27.11.2020 0:00:00;2;76;884.999997
27.11.2020 0:00:00;3;76;915.120448622117
27.11.2020 0:00:00;4;76;934.999998999998
27.11.2020 0:00:00;5;76;934.999999
27.11.2020 0:00:00;6;76;897.801197515331
27.11.2020 0:00:00;7;76;885
27.11.2020 0:00:00;8;76;885
27.11.2020 0:00:00;9;76;885
27.11.2020 0:00:00;10;76;884.999997
27.11.2020 0:00:00;11;76;934.999998999998
27.11.2020 0:00:00;12;76;1000.59275860004
27.11.2020 0:00:00;13;76;995.771843960163
27.11.2020 0:00:00;14;76;972.285107361107
27.11.2020 0:00:00;15;76;937.999998999999
27.11.2020 0:00:00;16;76;885
27.11.2020 0:00:00;17;76;884.999997
27.11.2020 0:00:00;18;76;884.999999
27.11.2020 0:00:00;19;76;885
27.11.2020 0:00:00;20;76;884.999999
27.11.2020 0:00:00;21;76;884.999998
27.11.2020 0:00:00;22;76;884.999997
27.11.2020 0:00:00;23;76;884.999999
27.11.2020 0:00:00;0;78;655.301957884716
27.11.2020 0:00:00;1;78;429.899998
27.11.2020 0:00:00;2;78;429.899998
27.11.2020 0:00:00;3;78;429.899998
27.11.2020 0:00:00;4;78;429.899998
27.11.2020 0:00:00;5;78;664.099999
27.11.2020 0:00:00;6;78;670.1
27.11.2020 0:00:00;7;78;715.100001
27.11.2020 0:00:00;8;78;715.100001
27.11.2020 0:00:00;9;78;715.100001
27.11.2020 0:00:00;10;78;715.100001
27.11.2020 0:00:00;11;78;715.100001
27.11.2020 0:00:00;12;78;715.100001
27.11.2020 0:00:00;13;78;715.100001
27.11.2020 0:00:00;14;78;715.100001
27.11.2020 0:00:00;15;78;715.100001
27.11.2020 0:00:00;16;78;715.100001
27.11.2020 0:00:00;17;78;715.100001
27.11.2020 0:00:00;18;78;715.100001
27.11.2020 0:00:00;19;78;715.100001
27.11.2020 0:00:00;20;78;670.100001764706
27.11.2020 0:00:00;21;78;670.1
27.11.2020 0:00:00;22;78;664.099999
27.11.2020 0:00:00;23;78;664.099999
27.11.2020 0:00:00;0;80;2201.125002
27.11.2020 0:00:00;1;80;2144.66890946563
27.11.2020 0:00:00;2;80;2207.805
27.11.2020 0:00:00;3;80;2474.805004
27.11.2020 0:00:00;4;80;2625.025007
27.11.2020 0:00:00;5;80;2849.61355033251
27.11.2020 0:00:00;6;80;2862.025014
27.11.2020 0:00:00;7;80;3001.46537481038
27.11.2020 0:00:00;8;80;3056.764012
27.11.2020 0:00:00;9;80;3080.7398730492
27.11.2020 0:00:00;10;80;3058.047012
27.11.2020 0:00:00;11;80;3088.028012
27.11.2020 0:00:00;12;80;3088.157011
27.11.2020 0:00:00;13;80;3087.081012
27.11.2020 0:00:00;14;80;3014.025012
27.11.2020 0:00:00;15;80;3014.02501
27.11.2020 0:00:00;16;80;3056.005012
27.11.2020 0:00:00;17;80;3014.025013
27.11.2020 0:00:00;18;80;2975.28819571081
27.11.2020 0:00:00;19;80;2892.025012
27.11.2020 0:00:00;20;80;2775.805006
27.11.2020 0:00:00;21;80;2599.105007
27.11.2020 0:00:00;22;80;2499.50500675
27.11.2020 0:00:00;23;80;2357.805004
27.11.2020 0:00:00;0;81;521.4
27.11.2020 0:00:00;1;81;521.4
27.11.2020 0:00:00;2;81;521.4
27.11.2020 0:00:00;3;81;521.4
27.11.2020 0:00:00;4;81;522.576
27.11.2020 0:00:00;5;81;524.298
27.11.2020 0:00:00;6;81;525.355
27.11.2020 0:00:00;7;81;526.405
27.11.2020 0:00:00;8;81;527.182
27.11.2020 0:00:00;9;81;525.145
27.11.2020 0:00:00;10;81;523.332
27.11.2020 0:00:00;11;81;521.4
27.11.2020 0:00:00;12;81;545.121777702786
27.11.2020 0:00:00;13;81;540.47473016191
27.11.2020 0:00:00;14;81;521.4
27.11.2020 0:00:00;15;81;521.4
27.11.2020 0:00:00;16;81;521.4
27.11.2020 0:00:00;17;81;521.4
27.11.2020 0:00:00;18;81;521.4
27.11.2020 0:00:00;19;81;521.4
27.11.2020 0:00:00;20;81;521.4
27.11.2020 0:00:00;21;81;521.4
27.11.2020 0:00:00;22;81;521.4
27.11.2020 0:00:00;23;81;521.4
27.11.2020 0:00:00;0;82;10
27.11.2020 0:00:00;1;82;10
27.11.2020 0:00:00;2;82;10
27.11.2020 0:00:00;3;82;10
27.11.2020 0:00:00;4;82;10
27.11.2020 0:00:00;5;82;10
27.11.2020 0:00:00;6;82;10
27.11.2020 0:00:00;7;82;10.5
27.11.2020 0:00:00;8;82;10.5
27.11.2020 0:00:00;9;82;10.5
27.11.2020 0:00:00;10;82;10.5
27.11.2020 0:00:00;11;82;10.5
27.11.2020 0:00:00;12;82;10.5
27.11.2020 0:00:00;13;82;10.5
27.11.2020 0:00:00;14;82;10.5
27.11.2020 0:00:00;15;82;10.5
27.11.2020 0:00:00;16;82;10.5
27.11.2020 0:00:00;17;82;10.5
27.11.2020 0:00:00;18;82;10.5
27.11.2020 0:00:00;19;82;10.5
27.11.2020 0:00:00;20;82;10.5
27.11.2020 0:00:00;21;82;10.5
27.11.2020 0:00:00;22;82;10.5
27.11.2020 0:00:00;23;82;10.5
27.11.2020 0:00:00;0;83;0
27.11.2020 0:00:00;1;83;0
27.11.2020 0:00:00;2;83;0
27.11.2020 0:00:00;3;83;0
27.11.2020 0:00:00;4;83;0
27.11.2020 0:00:00;5;83;0
27.11.2020 0:00:00;6;83;0
27.11.2020 0:00:00;7;83;0
27.11.2020 0:00:00;8;83;0
27.11.2020 0:00:00;9;83;0
27.11.2020 0:00:00;10;83;0
27.11.2020 0:00:00;11;83;0
27.11.2020 0:00:00;12;83;0
27.11.2020 0:00:00;13;83;0
27.11.2020 0:00:00;14;83;0
27.11.2020 0:00:00;15;83;0
27.11.2020 0:00:00;16;83;0
27.11.2020 0:00:00;17;83;0
27.11.2020 0:00:00;18;83;0
27.11.2020 0:00:00;19;83;0
27.11.2020 0:00:00;20;83;0
27.11.2020 0:00:00;21;83;0
27.11.2020 0:00:00;22;83;0
27.11.2020 0:00:00;23;83;0
27.11.2020 0:00:00;0;85;18
27.11.2020 0:00:00;1;85;18
27.11.2020 0:00:00;2;85;18
27.11.2020 0:00:00;3;85;18
27.11.2020 0:00:00;4;85;18
27.11.2020 0:00:00;5;85;18
27.11.2020 0:00:00;6;85;18
27.11.2020 0:00:00;7;85;18
27.11.2020 0:00:00;8;85;18
27.11.2020 0:00:00;9;85;18
27.11.2020 0:00:00;10;85;18
27.11.2020 0:00:00;11;85;18
27.11.2020 0:00:00;12;85;18
27.11.2020 0:00:00;13;85;18
27.11.2020 0:00:00;14;85;18
27.11.2020 0:00:00;15;85;18
27.11.2020 0:00:00;16;85;18
27.11.2020 0:00:00;17;85;18
27.11.2020 0:00:00;18;85;18
27.11.2020 0:00:00;19;85;18
27.11.2020 0:00:00;20;85;18
27.11.2020 0:00:00;21;85;9
27.11.2020 0:00:00;22;85;9
27.11.2020 0:00:00;23;85;9
27.11.2020 0:00:00;0;86;253.6
27.11.2020 0:00:00;1;86;253.6
27.11.2020 0:00:00;2;86;253.6
27.11.2020 0:00:00;3;86;253.6
27.11.2020 0:00:00;4;86;253.6
27.11.2020 0:00:00;5;86;253.6
27.11.2020 0:00:00;6;86;253.6
27.11.2020 0:00:00;7;86;349.553444357699
27.11.2020 0:00:00;8;86;357.6
27.11.2020 0:00:00;9;86;357.6
27.11.2020 0:00:00;10;86;357.6
27.11.2020 0:00:00;11;86;357.6
27.11.2020 0:00:00;12;86;356.268983607005
27.11.2020 0:00:00;13;86;356.178881532263
27.11.2020 0:00:00;14;86;357.6
27.11.2020 0:00:00;15;86;357.6
27.11.2020 0:00:00;16;86;357.6
27.11.2020 0:00:00;17;86;357.6
27.11.2020 0:00:00;18;86;357.6
27.11.2020 0:00:00;19;86;357.6
27.11.2020 0:00:00;20;86;257.850522891578
27.11.2020 0:00:00;21;86;253.6
27.11.2020 0:00:00;22;86;253.6
27.11.2020 0:00:00;23;86;253.6
27.11.2020 0:00:00;0;88;60
27.11.2020 0:00:00;1;88;60
27.11.2020 0:00:00;2;88;60
27.11.2020 0:00:00;3;88;60
27.11.2020 0:00:00;4;88;60
27.11.2020 0:00:00;5;88;60
27.11.2020 0:00:00;6;88;60
27.11.2020 0:00:00;7;88;60
27.11.2020 0:00:00;8;88;145
27.11.2020 0:00:00;9;88;145
27.11.2020 0:00:00;10;88;145
27.11.2020 0:00:00;11;88;145
27.11.2020 0:00:00;12;88;145
27.11.2020 0:00:00;13;88;145
27.11.2020 0:00:00;14;88;145
27.11.2020 0:00:00;15;88;60
27.11.2020 0:00:00;16;88;145
27.11.2020 0:00:00;17;88;145
27.11.2020 0:00:00;18;88;60
27.11.2020 0:00:00;19;88;60
27.11.2020 0:00:00;20;88;60
27.11.2020 0:00:00;21;88;60
27.11.2020 0:00:00;22;88;60
27.11.2020 0:00:00;23;88;60
27.11.2020 0:00:00;0;89;163.8
27.11.2020 0:00:00;1;89;163.8
27.11.2020 0:00:00;2;89;163.8
27.11.2020 0:00:00;3;89;163.8
27.11.2020 0:00:00;4;89;163.8
27.11.2020 0:00:00;5;89;163.8
27.11.2020 0:00:00;6;89;163.8
27.11.2020 0:00:00;7;89;163.8
27.11.2020 0:00:00;8;89;163.8
27.11.2020 0:00:00;9;89;163.8
27.11.2020 0:00:00;10;89;163.8
27.11.2020 0:00:00;11;89;163.8
27.11.2020 0:00:00;12;89;194.569808821494
27.11.2020 0:00:00;13;89;223.800001
27.11.2020 0:00:00;14;89;163.8
27.11.2020 0:00:00;15;89;163.8
27.11.2020 0:00:00;16;89;163.8
27.11.2020 0:00:00;17;89;163.8
27.11.2020 0:00:00;18;89;163.8
27.11.2020 0:00:00;19;89;163.8
27.11.2020 0:00:00;20;89;163.8
27.11.2020 0:00:00;21;89;155
27.11.2020 0:00:00;22;89;155
27.11.2020 0:00:00;23;89;155
27.11.2020 0:00:00;0;90;0
27.11.2020 0:00:00;1;90;0
27.11.2020 0:00:00;2;90;0
27.11.2020 0:00:00;3;90;0
27.11.2020 0:00:00;4;90;0
27.11.2020 0:00:00;5;90;0
27.11.2020 0:00:00;6;90;0
27.11.2020 0:00:00;7;90;0
27.11.2020 0:00:00;8;90;0
27.11.2020 0:00:00;9;90;0
27.11.2020 0:00:00;10;90;0
27.11.2020 0:00:00;11;90;0
27.11.2020 0:00:00;12;90;0
27.11.2020 0:00:00;13;90;0
27.11.2020 0:00:00;14;90;0
27.11.2020 0:00:00;15;90;0
27.11.2020 0:00:00;16;90;0
27.11.2020 0:00:00;17;90;0
27.11.2020 0:00:00;18;90;0
27.11.2020 0:00:00;19;90;0
27.11.2020 0:00:00;20;90;0
27.11.2020 0:00:00;21;90;0
27.11.2020 0:00:00;22;90;0
27.11.2020 0:00:00;23;90;0
27.11.2020 0:00:00;0;91;3.6
27.11.2020 0:00:00;1;91;3.6
27.11.2020 0:00:00;2;91;3.6
27.11.2020 0:00:00;3;91;3.6
27.11.2020 0:00:00;4;91;3.6
27.11.2020 0:00:00;5;91;3.6
27.11.2020 0:00:00;6;91;3.6
27.11.2020 0:00:00;7;91;3.6
27.11.2020 0:00:00;8;91;3.6
27.11.2020 0:00:00;9;91;3.6
27.11.2020 0:00:00;10;91;3.6
27.11.2020 0:00:00;11;91;3.6
27.11.2020 0:00:00;12;91;3.6
27.11.2020 0:00:00;13;91;3.6
27.11.2020 0:00:00;14;91;3.6
27.11.2020 0:00:00;15;91;3.6
27.11.2020 0:00:00;16;91;3.6
27.11.2020 0:00:00;17;91;3.6
27.11.2020 0:00:00;18;91;3.6
27.11.2020 0:00:00;19;91;3.6
27.11.2020 0:00:00;20;91;3.6
27.11.2020 0:00:00;21;91;3.6
27.11.2020 0:00:00;22;91;3.6
27.11.2020 0:00:00;23;91;3.6
27.11.2020 0:00:00;0;92;2471.023998
27.11.2020 0:00:00;1;92;2471.024
27.11.2020 0:00:00;2;92;2471.023997
27.11.2020 0:00:00;3;92;2471.024
27.11.2020 0:00:00;4;92;2471.823997
27.11.2020 0:00:00;5;92;2626.024001375
27.11.2020 0:00:00;6;92;2656.91157065766
27.11.2020 0:00:00;7;92;2706.024002375
27.11.2020 0:00:00;8;92;2706.0240006875
27.11.2020 0:00:00;9;92;2706.024002375
27.11.2020 0:00:00;10;92;2707.324002375
27.11.2020 0:00:00;11;92;2708.524002375
27.11.2020 0:00:00;12;92;2767.47937214123
27.11.2020 0:00:00;13;92;2841.30957116256
27.11.2020 0:00:00;14;92;2711.023999375
27.11.2020 0:00:00;15;92;2721.2680107886
27.11.2020 0:00:00;16;92;2711.024002375
27.11.2020 0:00:00;17;92;2711.024002375
27.11.2020 0:00:00;18;92;2711.024002375
27.11.2020 0:00:00;19;92;2726.023999375
27.11.2020 0:00:00;20;92;2647.024001375
27.11.2020 0:00:00;21;92;2568.024000375
27.11.2020 0:00:00;22;92;2493.024
27.11.2020 0:00:00;23;92;2493.023997
27.11.2020 0:00:00;0;93;5.2
27.11.2020 0:00:00;1;93;5.2
27.11.2020 0:00:00;2;93;5.2
27.11.2020 0:00:00;3;93;5.2
27.11.2020 0:00:00;4;93;5.2
27.11.2020 0:00:00;5;93;5.2
27.11.2020 0:00:00;6;93;5.2
27.11.2020 0:00:00;7;93;5.2
27.11.2020 0:00:00;8;93;5.2
27.11.2020 0:00:00;9;93;5.2
27.11.2020 0:00:00;10;93;5.2
27.11.2020 0:00:00;11;93;5.2
27.11.2020 0:00:00;12;93;5.2
27.11.2020 0:00:00;13;93;5.2
27.11.2020 0:00:00;14;93;5.2
27.11.2020 0:00:00;15;93;5.2
27.11.2020 0:00:00;16;93;5.2
27.11.2020 0:00:00;17;93;5.2
27.11.2020 0:00:00;18;93;5.2
27.11.2020 0:00:00;19;93;5.2
27.11.2020 0:00:00;20;93;5.2
27.11.2020 0:00:00;21;93;5.2
27.11.2020 0:00:00;22;93;5.2
27.11.2020 0:00:00;23;93;5.2
27.11.2020 0:00:00;0;94;458.63
27.11.2020 0:00:00;1;94;458.63
27.11.2020 0:00:00;2;94;458.63
27.11.2020 0:00:00;3;94;458.63
27.11.2020 0:00:00;4;94;458.63
27.11.2020 0:00:00;5;94;458.63
27.11.2020 0:00:00;6;94;552.170001
27.11.2020 0:00:00;7;94;552.170001
27.11.2020 0:00:00;8;94;552.170001
27.11.2020 0:00:00;9;94;552.170001
27.11.2020 0:00:00;10;94;552.170001
27.11.2020 0:00:00;11;94;552.170001
27.11.2020 0:00:00;12;94;552.170001
27.11.2020 0:00:00;13;94;552.170001
27.11.2020 0:00:00;14;94;552.170001
27.11.2020 0:00:00;15;94;552.170001
27.11.2020 0:00:00;16;94;552.170001
27.11.2020 0:00:00;17;94;552.170001
27.11.2020 0:00:00;18;94;552.170001
27.11.2020 0:00:00;19;94;552.170001
27.11.2020 0:00:00;20;94;552.170001
27.11.2020 0:00:00;21;94;552.170001
27.11.2020 0:00:00;22;94;552.170001
27.11.2020 0:00:00;23;94;458.63
27.11.2020 0:00:00;0;95;126
27.11.2020 0:00:00;1;95;126
27.11.2020 0:00:00;2;95;181.000001
27.11.2020 0:00:00;3;95;181.000001
27.11.2020 0:00:00;4;95;209.34472916129
27.11.2020 0:00:00;5;95;181.000001
27.11.2020 0:00:00;6;95;126
27.11.2020 0:00:00;7;95;126.074
27.11.2020 0:00:00;8;95;126.074
27.11.2020 0:00:00;9;95;126.074
27.11.2020 0:00:00;10;95;126.057
27.11.2020 0:00:00;11;95;126
27.11.2020 0:00:00;12;95;126.1
27.11.2020 0:00:00;13;95;126
27.11.2020 0:00:00;14;95;126
27.11.2020 0:00:00;15;95;126
27.11.2020 0:00:00;16;95;126
27.11.2020 0:00:00;17;95;126
27.11.2020 0:00:00;18;95;126
27.11.2020 0:00:00;19;95;126
27.11.2020 0:00:00;20;95;126
27.11.2020 0:00:00;21;95;126
27.11.2020 0:00:00;22;95;126
27.11.2020 0:00:00;23;95;126
27.11.2020 0:00:00;0;96;197.961928859244
27.11.2020 0:00:00;1;96;160
27.11.2020 0:00:00;2;96;160
27.11.2020 0:00:00;3;96;160
27.11.2020 0:00:00;4;96;160
27.11.2020 0:00:00;5;96;236.475309472143
27.11.2020 0:00:00;6;96;346.800002
27.11.2020 0:00:00;7;96;346.800002
27.11.2020 0:00:00;8;96;346.800002
27.11.2020 0:00:00;9;96;346.800002
27.11.2020 0:00:00;10;96;346.800002
27.11.2020 0:00:00;11;96;346.800002
27.11.2020 0:00:00;12;96;346.800002
27.11.2020 0:00:00;13;96;346.800002
27.11.2020 0:00:00;14;96;346.800002
27.11.2020 0:00:00;15;96;346.800002
27.11.2020 0:00:00;16;96;346.800002
27.11.2020 0:00:00;17;96;346.800002
27.11.2020 0:00:00;18;96;334.948207008939
27.11.2020 0:00:00;19;96;346.800002
27.11.2020 0:00:00;20;96;346.800002
27.11.2020 0:00:00;21;96;346.800002
27.11.2020 0:00:00;22;96;346.800002
27.11.2020 0:00:00;23;96;346.800002
27.11.2020 0:00:00;0;97;228.791
27.11.2020 0:00:00;1;97;228.791
27.11.2020 0:00:00;2;97;228.791
27.11.2020 0:00:00;3;97;228.791
27.11.2020 0:00:00;4;97;228.791
27.11.2020 0:00:00;5;97;228.791
27.11.2020 0:00:00;6;97;236.376202971131
27.11.2020 0:00:00;7;97;325.000001419355
27.11.2020 0:00:00;8;97;435.000001
27.11.2020 0:00:00;9;97;435.000001
27.11.2020 0:00:00;10;97;435.000001
27.11.2020 0:00:00;11;97;435.000001
27.11.2020 0:00:00;12;97;435.000001
27.11.2020 0:00:00;13;97;435.000001
27.11.2020 0:00:00;14;97;435.000001
27.11.2020 0:00:00;15;97;325.000001419355
27.11.2020 0:00:00;16;97;435.000001
27.11.2020 0:00:00;17;97;334.91913783502
27.11.2020 0:00:00;18;97;325.000001419355
27.11.2020 0:00:00;19;97;325.000001419355
27.11.2020 0:00:00;20;97;228.791
27.11.2020 0:00:00;21;97;228.791
27.11.2020 0:00:00;22;97;228.791
27.11.2020 0:00:00;23;97;228.791
