date;hour;sub_rf_id;Pren
18.11.2020 0:00:00;0;1;0
18.11.2020 0:00:00;1;1;0
18.11.2020 0:00:00;2;1;0
18.11.2020 0:00:00;3;1;0
18.11.2020 0:00:00;4;1;0
18.11.2020 0:00:00;5;1;0
18.11.2020 0:00:00;6;1;0
18.11.2020 0:00:00;7;1;1.20436363636364
18.11.2020 0:00:00;8;1;2.19272727272727
18.11.2020 0:00:00;9;1;2.05963636363636
18.11.2020 0:00:00;10;1;2.01818181818182
18.11.2020 0:00:00;11;1;1.35054545454545
18.11.2020 0:00:00;12;1;0
18.11.2020 0:00:00;13;1;0
18.11.2020 0:00:00;14;1;0
18.11.2020 0:00:00;15;1;0
18.11.2020 0:00:00;16;1;0
18.11.2020 0:00:00;17;1;0
18.11.2020 0:00:00;18;1;0
18.11.2020 0:00:00;19;1;0
18.11.2020 0:00:00;20;1;0
18.11.2020 0:00:00;21;1;0
18.11.2020 0:00:00;22;1;0
18.11.2020 0:00:00;23;1;0
18.11.2020 0:00:00;0;3;0
18.11.2020 0:00:00;1;3;0
18.11.2020 0:00:00;2;3;0
18.11.2020 0:00:00;3;3;0
18.11.2020 0:00:00;4;3;0
18.11.2020 0:00:00;5;3;0
18.11.2020 0:00:00;6;3;0
18.11.2020 0:00:00;7;3;0
18.11.2020 0:00:00;8;3;0
18.11.2020 0:00:00;9;3;0
18.11.2020 0:00:00;10;3;0
18.11.2020 0:00:00;11;3;0
18.11.2020 0:00:00;12;3;0
18.11.2020 0:00:00;13;3;0
18.11.2020 0:00:00;14;3;0
18.11.2020 0:00:00;15;3;0
18.11.2020 0:00:00;16;3;0
18.11.2020 0:00:00;17;3;0
18.11.2020 0:00:00;18;3;0
18.11.2020 0:00:00;19;3;0
18.11.2020 0:00:00;20;3;0
18.11.2020 0:00:00;21;3;0
18.11.2020 0:00:00;22;3;0
18.11.2020 0:00:00;23;3;0
18.11.2020 0:00:00;0;4;0
18.11.2020 0:00:00;1;4;0
18.11.2020 0:00:00;2;4;0
18.11.2020 0:00:00;3;4;0
18.11.2020 0:00:00;4;4;0
18.11.2020 0:00:00;5;4;0
18.11.2020 0:00:00;6;4;0
18.11.2020 0:00:00;7;4;0
18.11.2020 0:00:00;8;4;0
18.11.2020 0:00:00;9;4;0
18.11.2020 0:00:00;10;4;0
18.11.2020 0:00:00;11;4;0
18.11.2020 0:00:00;12;4;0
18.11.2020 0:00:00;13;4;0
18.11.2020 0:00:00;14;4;0
18.11.2020 0:00:00;15;4;0
18.11.2020 0:00:00;16;4;0
18.11.2020 0:00:00;17;4;0
18.11.2020 0:00:00;18;4;0
18.11.2020 0:00:00;19;4;0
18.11.2020 0:00:00;20;4;0
18.11.2020 0:00:00;21;4;0
18.11.2020 0:00:00;22;4;0
18.11.2020 0:00:00;23;4;0
18.11.2020 0:00:00;0;7;0
18.11.2020 0:00:00;1;7;0
18.11.2020 0:00:00;2;7;0
18.11.2020 0:00:00;3;7;0
18.11.2020 0:00:00;4;7;0
18.11.2020 0:00:00;5;7;0
18.11.2020 0:00:00;6;7;0
18.11.2020 0:00:00;7;7;0
18.11.2020 0:00:00;8;7;0
18.11.2020 0:00:00;9;7;3.92
18.11.2020 0:00:00;10;7;3.53
18.11.2020 0:00:00;11;7;5.18
18.11.2020 0:00:00;12;7;5.6
18.11.2020 0:00:00;13;7;6.64
18.11.2020 0:00:00;14;7;4.87
18.11.2020 0:00:00;15;7;0
18.11.2020 0:00:00;16;7;0
18.11.2020 0:00:00;17;7;0
18.11.2020 0:00:00;18;7;0
18.11.2020 0:00:00;19;7;0
18.11.2020 0:00:00;20;7;0
18.11.2020 0:00:00;21;7;0
18.11.2020 0:00:00;22;7;0
18.11.2020 0:00:00;23;7;0
18.11.2020 0:00:00;0;12;0
18.11.2020 0:00:00;1;12;0
18.11.2020 0:00:00;2;12;0
18.11.2020 0:00:00;3;12;0
18.11.2020 0:00:00;4;12;0
18.11.2020 0:00:00;5;12;0
18.11.2020 0:00:00;6;12;0
18.11.2020 0:00:00;7;12;0
18.11.2020 0:00:00;8;12;5.89
18.11.2020 0:00:00;9;12;12.35
18.11.2020 0:00:00;10;12;19.19
18.11.2020 0:00:00;11;12;19.95
18.11.2020 0:00:00;12;12;18.05
18.11.2020 0:00:00;13;12;12.16
18.11.2020 0:00:00;14;12;6.27
18.11.2020 0:00:00;15;12;0
18.11.2020 0:00:00;16;12;0
18.11.2020 0:00:00;17;12;0
18.11.2020 0:00:00;18;12;0
18.11.2020 0:00:00;19;12;0
18.11.2020 0:00:00;20;12;0
18.11.2020 0:00:00;21;12;0
18.11.2020 0:00:00;22;12;0
18.11.2020 0:00:00;23;12;0
18.11.2020 0:00:00;0;14;0
18.11.2020 0:00:00;1;14;0
18.11.2020 0:00:00;2;14;0
18.11.2020 0:00:00;3;14;0
18.11.2020 0:00:00;4;14;0
18.11.2020 0:00:00;5;14;0
18.11.2020 0:00:00;6;14;0
18.11.2020 0:00:00;7;14;0
18.11.2020 0:00:00;8;14;0
18.11.2020 0:00:00;9;14;0
18.11.2020 0:00:00;10;14;0
18.11.2020 0:00:00;11;14;0
18.11.2020 0:00:00;12;14;0
18.11.2020 0:00:00;13;14;0
18.11.2020 0:00:00;14;14;0
18.11.2020 0:00:00;15;14;0
18.11.2020 0:00:00;16;14;0
18.11.2020 0:00:00;17;14;0
18.11.2020 0:00:00;18;14;0
18.11.2020 0:00:00;19;14;0
18.11.2020 0:00:00;20;14;0
18.11.2020 0:00:00;21;14;0
18.11.2020 0:00:00;22;14;0
18.11.2020 0:00:00;23;14;0
18.11.2020 0:00:00;0;15;0
18.11.2020 0:00:00;1;15;0
18.11.2020 0:00:00;2;15;0
18.11.2020 0:00:00;3;15;0
18.11.2020 0:00:00;4;15;0
18.11.2020 0:00:00;5;15;0
18.11.2020 0:00:00;6;15;0
18.11.2020 0:00:00;7;15;0
18.11.2020 0:00:00;8;15;0
18.11.2020 0:00:00;9;15;0
18.11.2020 0:00:00;10;15;0
18.11.2020 0:00:00;11;15;0
18.11.2020 0:00:00;12;15;0
18.11.2020 0:00:00;13;15;0
18.11.2020 0:00:00;14;15;0
18.11.2020 0:00:00;15;15;0
18.11.2020 0:00:00;16;15;0
18.11.2020 0:00:00;17;15;0
18.11.2020 0:00:00;18;15;0
18.11.2020 0:00:00;19;15;0
18.11.2020 0:00:00;20;15;0
18.11.2020 0:00:00;21;15;0
18.11.2020 0:00:00;22;15;0
18.11.2020 0:00:00;23;15;0
18.11.2020 0:00:00;0;17;0
18.11.2020 0:00:00;1;17;0
18.11.2020 0:00:00;2;17;0
18.11.2020 0:00:00;3;17;0
18.11.2020 0:00:00;4;17;0
18.11.2020 0:00:00;5;17;0
18.11.2020 0:00:00;6;17;0
18.11.2020 0:00:00;7;17;0
18.11.2020 0:00:00;8;17;0
18.11.2020 0:00:00;9;17;0
18.11.2020 0:00:00;10;17;0
18.11.2020 0:00:00;11;17;0
18.11.2020 0:00:00;12;17;0
18.11.2020 0:00:00;13;17;0
18.11.2020 0:00:00;14;17;0
18.11.2020 0:00:00;15;17;0
18.11.2020 0:00:00;16;17;0
18.11.2020 0:00:00;17;17;0
18.11.2020 0:00:00;18;17;0
18.11.2020 0:00:00;19;17;0
18.11.2020 0:00:00;20;17;0
18.11.2020 0:00:00;21;17;0
18.11.2020 0:00:00;22;17;0
18.11.2020 0:00:00;23;17;0
18.11.2020 0:00:00;0;18;0
18.11.2020 0:00:00;1;18;0
18.11.2020 0:00:00;2;18;0
18.11.2020 0:00:00;3;18;0
18.11.2020 0:00:00;4;18;0
18.11.2020 0:00:00;5;18;0
18.11.2020 0:00:00;6;18;0
18.11.2020 0:00:00;7;18;0
18.11.2020 0:00:00;8;18;0
18.11.2020 0:00:00;9;18;0.852
18.11.2020 0:00:00;10;18;1.615
18.11.2020 0:00:00;11;18;2.083
18.11.2020 0:00:00;12;18;2.16
18.11.2020 0:00:00;13;18;1.968
18.11.2020 0:00:00;14;18;1.171
18.11.2020 0:00:00;15;18;0
18.11.2020 0:00:00;16;18;0
18.11.2020 0:00:00;17;18;0
18.11.2020 0:00:00;18;18;0
18.11.2020 0:00:00;19;18;0
18.11.2020 0:00:00;20;18;0
18.11.2020 0:00:00;21;18;0
18.11.2020 0:00:00;22;18;0
18.11.2020 0:00:00;23;18;0
18.11.2020 0:00:00;0;19;0
18.11.2020 0:00:00;1;19;0
18.11.2020 0:00:00;2;19;0
18.11.2020 0:00:00;3;19;0
18.11.2020 0:00:00;4;19;0
18.11.2020 0:00:00;5;19;0
18.11.2020 0:00:00;6;19;0
18.11.2020 0:00:00;7;19;0
18.11.2020 0:00:00;8;19;0
18.11.2020 0:00:00;9;19;0
18.11.2020 0:00:00;10;19;0
18.11.2020 0:00:00;11;19;0
18.11.2020 0:00:00;12;19;0
18.11.2020 0:00:00;13;19;0
18.11.2020 0:00:00;14;19;0
18.11.2020 0:00:00;15;19;0
18.11.2020 0:00:00;16;19;0
18.11.2020 0:00:00;17;19;0
18.11.2020 0:00:00;18;19;0
18.11.2020 0:00:00;19;19;0
18.11.2020 0:00:00;20;19;0
18.11.2020 0:00:00;21;19;0
18.11.2020 0:00:00;22;19;0
18.11.2020 0:00:00;23;19;0
18.11.2020 0:00:00;0;20;0
18.11.2020 0:00:00;1;20;0
18.11.2020 0:00:00;2;20;0
18.11.2020 0:00:00;3;20;0
18.11.2020 0:00:00;4;20;0
18.11.2020 0:00:00;5;20;0
18.11.2020 0:00:00;6;20;0
18.11.2020 0:00:00;7;20;0
18.11.2020 0:00:00;8;20;0
18.11.2020 0:00:00;9;20;0
18.11.2020 0:00:00;10;20;0
18.11.2020 0:00:00;11;20;0
18.11.2020 0:00:00;12;20;0
18.11.2020 0:00:00;13;20;0
18.11.2020 0:00:00;14;20;0
18.11.2020 0:00:00;15;20;0
18.11.2020 0:00:00;16;20;0
18.11.2020 0:00:00;17;20;0
18.11.2020 0:00:00;18;20;0
18.11.2020 0:00:00;19;20;0
18.11.2020 0:00:00;20;20;0
18.11.2020 0:00:00;21;20;0
18.11.2020 0:00:00;22;20;0
18.11.2020 0:00:00;23;20;0
18.11.2020 0:00:00;0;22;0
18.11.2020 0:00:00;1;22;0
18.11.2020 0:00:00;2;22;0
18.11.2020 0:00:00;3;22;0
18.11.2020 0:00:00;4;22;0
18.11.2020 0:00:00;5;22;0
18.11.2020 0:00:00;6;22;0
18.11.2020 0:00:00;7;22;0
18.11.2020 0:00:00;8;22;0
18.11.2020 0:00:00;9;22;0
18.11.2020 0:00:00;10;22;0
18.11.2020 0:00:00;11;22;0
18.11.2020 0:00:00;12;22;0
18.11.2020 0:00:00;13;22;0
18.11.2020 0:00:00;14;22;0
18.11.2020 0:00:00;15;22;0
18.11.2020 0:00:00;16;22;0
18.11.2020 0:00:00;17;22;0
18.11.2020 0:00:00;18;22;0
18.11.2020 0:00:00;19;22;0
18.11.2020 0:00:00;20;22;0
18.11.2020 0:00:00;21;22;0
18.11.2020 0:00:00;22;22;0
18.11.2020 0:00:00;23;22;0
18.11.2020 0:00:00;0;24;0
18.11.2020 0:00:00;1;24;0
18.11.2020 0:00:00;2;24;0
18.11.2020 0:00:00;3;24;0
18.11.2020 0:00:00;4;24;0
18.11.2020 0:00:00;5;24;0
18.11.2020 0:00:00;6;24;0
18.11.2020 0:00:00;7;24;0
18.11.2020 0:00:00;8;24;0
18.11.2020 0:00:00;9;24;0
18.11.2020 0:00:00;10;24;0
18.11.2020 0:00:00;11;24;0
18.11.2020 0:00:00;12;24;0
18.11.2020 0:00:00;13;24;0
18.11.2020 0:00:00;14;24;0
18.11.2020 0:00:00;15;24;0
18.11.2020 0:00:00;16;24;0
18.11.2020 0:00:00;17;24;0
18.11.2020 0:00:00;18;24;0
18.11.2020 0:00:00;19;24;0
18.11.2020 0:00:00;20;24;0
18.11.2020 0:00:00;21;24;0
18.11.2020 0:00:00;22;24;0
18.11.2020 0:00:00;23;24;0
18.11.2020 0:00:00;0;25;0
18.11.2020 0:00:00;1;25;0
18.11.2020 0:00:00;2;25;0
18.11.2020 0:00:00;3;25;0
18.11.2020 0:00:00;4;25;0
18.11.2020 0:00:00;5;25;0
18.11.2020 0:00:00;6;25;0
18.11.2020 0:00:00;7;25;0
18.11.2020 0:00:00;8;25;0
18.11.2020 0:00:00;9;25;0
18.11.2020 0:00:00;10;25;0
18.11.2020 0:00:00;11;25;0
18.11.2020 0:00:00;12;25;0
18.11.2020 0:00:00;13;25;0
18.11.2020 0:00:00;14;25;0
18.11.2020 0:00:00;15;25;0
18.11.2020 0:00:00;16;25;0
18.11.2020 0:00:00;17;25;0
18.11.2020 0:00:00;18;25;0
18.11.2020 0:00:00;19;25;0
18.11.2020 0:00:00;20;25;0
18.11.2020 0:00:00;21;25;0
18.11.2020 0:00:00;22;25;0
18.11.2020 0:00:00;23;25;0
18.11.2020 0:00:00;0;26;0
18.11.2020 0:00:00;1;26;0
18.11.2020 0:00:00;2;26;0
18.11.2020 0:00:00;3;26;0
18.11.2020 0:00:00;4;26;0
18.11.2020 0:00:00;5;26;0
18.11.2020 0:00:00;6;26;0
18.11.2020 0:00:00;7;26;0
18.11.2020 0:00:00;8;26;0
18.11.2020 0:00:00;9;26;0
18.11.2020 0:00:00;10;26;0
18.11.2020 0:00:00;11;26;0
18.11.2020 0:00:00;12;26;0
18.11.2020 0:00:00;13;26;0
18.11.2020 0:00:00;14;26;0
18.11.2020 0:00:00;15;26;0
18.11.2020 0:00:00;16;26;0
18.11.2020 0:00:00;17;26;0
18.11.2020 0:00:00;18;26;0
18.11.2020 0:00:00;19;26;0
18.11.2020 0:00:00;20;26;0
18.11.2020 0:00:00;21;26;0
18.11.2020 0:00:00;22;26;0
18.11.2020 0:00:00;23;26;0
18.11.2020 0:00:00;0;28;0
18.11.2020 0:00:00;1;28;0
18.11.2020 0:00:00;2;28;0
18.11.2020 0:00:00;3;28;0
18.11.2020 0:00:00;4;28;0
18.11.2020 0:00:00;5;28;0
18.11.2020 0:00:00;6;28;0
18.11.2020 0:00:00;7;28;0
18.11.2020 0:00:00;8;28;0
18.11.2020 0:00:00;9;28;0
18.11.2020 0:00:00;10;28;0
18.11.2020 0:00:00;11;28;0
18.11.2020 0:00:00;12;28;0
18.11.2020 0:00:00;13;28;0
18.11.2020 0:00:00;14;28;0
18.11.2020 0:00:00;15;28;0
18.11.2020 0:00:00;16;28;0
18.11.2020 0:00:00;17;28;0
18.11.2020 0:00:00;18;28;0
18.11.2020 0:00:00;19;28;0
18.11.2020 0:00:00;20;28;0
18.11.2020 0:00:00;21;28;0
18.11.2020 0:00:00;22;28;0
18.11.2020 0:00:00;23;28;0
18.11.2020 0:00:00;0;29;0
18.11.2020 0:00:00;1;29;0
18.11.2020 0:00:00;2;29;0
18.11.2020 0:00:00;3;29;0
18.11.2020 0:00:00;4;29;0
18.11.2020 0:00:00;5;29;0
18.11.2020 0:00:00;6;29;0
18.11.2020 0:00:00;7;29;0
18.11.2020 0:00:00;8;29;0
18.11.2020 0:00:00;9;29;0
18.11.2020 0:00:00;10;29;0
18.11.2020 0:00:00;11;29;0
18.11.2020 0:00:00;12;29;0
18.11.2020 0:00:00;13;29;0
18.11.2020 0:00:00;14;29;0
18.11.2020 0:00:00;15;29;0
18.11.2020 0:00:00;16;29;0
18.11.2020 0:00:00;17;29;0
18.11.2020 0:00:00;18;29;0
18.11.2020 0:00:00;19;29;0
18.11.2020 0:00:00;20;29;0
18.11.2020 0:00:00;21;29;0
18.11.2020 0:00:00;22;29;0
18.11.2020 0:00:00;23;29;0
18.11.2020 0:00:00;0;32;0
18.11.2020 0:00:00;1;32;0
18.11.2020 0:00:00;2;32;0
18.11.2020 0:00:00;3;32;0
18.11.2020 0:00:00;4;32;0
18.11.2020 0:00:00;5;32;0
18.11.2020 0:00:00;6;32;0
18.11.2020 0:00:00;7;32;0
18.11.2020 0:00:00;8;32;0
18.11.2020 0:00:00;9;32;0
18.11.2020 0:00:00;10;32;0
18.11.2020 0:00:00;11;32;0
18.11.2020 0:00:00;12;32;0
18.11.2020 0:00:00;13;32;0
18.11.2020 0:00:00;14;32;0
18.11.2020 0:00:00;15;32;0
18.11.2020 0:00:00;16;32;0
18.11.2020 0:00:00;17;32;0
18.11.2020 0:00:00;18;32;0
18.11.2020 0:00:00;19;32;0
18.11.2020 0:00:00;20;32;0
18.11.2020 0:00:00;21;32;0
18.11.2020 0:00:00;22;32;0
18.11.2020 0:00:00;23;32;0
18.11.2020 0:00:00;0;33;0
18.11.2020 0:00:00;1;33;0
18.11.2020 0:00:00;2;33;0
18.11.2020 0:00:00;3;33;0
18.11.2020 0:00:00;4;33;0
18.11.2020 0:00:00;5;33;0
18.11.2020 0:00:00;6;33;0
18.11.2020 0:00:00;7;33;0
18.11.2020 0:00:00;8;33;0
18.11.2020 0:00:00;9;33;0
18.11.2020 0:00:00;10;33;0
18.11.2020 0:00:00;11;33;0
18.11.2020 0:00:00;12;33;0
18.11.2020 0:00:00;13;33;0
18.11.2020 0:00:00;14;33;0
18.11.2020 0:00:00;15;33;0
18.11.2020 0:00:00;16;33;0
18.11.2020 0:00:00;17;33;0
18.11.2020 0:00:00;18;33;0
18.11.2020 0:00:00;19;33;0
18.11.2020 0:00:00;20;33;0
18.11.2020 0:00:00;21;33;0
18.11.2020 0:00:00;22;33;0
18.11.2020 0:00:00;23;33;0
18.11.2020 0:00:00;0;34;0
18.11.2020 0:00:00;1;34;0
18.11.2020 0:00:00;2;34;0
18.11.2020 0:00:00;3;34;0
18.11.2020 0:00:00;4;34;0
18.11.2020 0:00:00;5;34;0
18.11.2020 0:00:00;6;34;0
18.11.2020 0:00:00;7;34;0
18.11.2020 0:00:00;8;34;0
18.11.2020 0:00:00;9;34;0
18.11.2020 0:00:00;10;34;0
18.11.2020 0:00:00;11;34;0
18.11.2020 0:00:00;12;34;0
18.11.2020 0:00:00;13;34;0
18.11.2020 0:00:00;14;34;0
18.11.2020 0:00:00;15;34;0
18.11.2020 0:00:00;16;34;0
18.11.2020 0:00:00;17;34;0
18.11.2020 0:00:00;18;34;0
18.11.2020 0:00:00;19;34;0
18.11.2020 0:00:00;20;34;0
18.11.2020 0:00:00;21;34;0
18.11.2020 0:00:00;22;34;0
18.11.2020 0:00:00;23;34;0
18.11.2020 0:00:00;0;35;0.93
18.11.2020 0:00:00;1;35;0.53
18.11.2020 0:00:00;2;35;0.38
18.11.2020 0:00:00;3;35;0.99
18.11.2020 0:00:00;4;35;1.35
18.11.2020 0:00:00;5;35;1.79
18.11.2020 0:00:00;6;35;1.26
18.11.2020 0:00:00;7;35;0.37
18.11.2020 0:00:00;8;35;1.38
18.11.2020 0:00:00;9;35;4.59
18.11.2020 0:00:00;10;35;10.35
18.11.2020 0:00:00;11;35;15.7
18.11.2020 0:00:00;12;35;13.96
18.11.2020 0:00:00;13;35;10.93
18.11.2020 0:00:00;14;35;13.67
18.11.2020 0:00:00;15;35;13.56
18.11.2020 0:00:00;16;35;5.9
18.11.2020 0:00:00;17;35;2.37
18.11.2020 0:00:00;18;35;0.62
18.11.2020 0:00:00;19;35;0.71
18.11.2020 0:00:00;20;35;0.41
18.11.2020 0:00:00;21;35;0.37
18.11.2020 0:00:00;22;35;0.45
18.11.2020 0:00:00;23;35;0.78
18.11.2020 0:00:00;0;36;0
18.11.2020 0:00:00;1;36;0
18.11.2020 0:00:00;2;36;0
18.11.2020 0:00:00;3;36;0
18.11.2020 0:00:00;4;36;0
18.11.2020 0:00:00;5;36;0
18.11.2020 0:00:00;6;36;0
18.11.2020 0:00:00;7;36;0
18.11.2020 0:00:00;8;36;0
18.11.2020 0:00:00;9;36;0.78
18.11.2020 0:00:00;10;36;1.62
18.11.2020 0:00:00;11;36;1.89
18.11.2020 0:00:00;12;36;1.26
18.11.2020 0:00:00;13;36;0
18.11.2020 0:00:00;14;36;0
18.11.2020 0:00:00;15;36;0
18.11.2020 0:00:00;16;36;0
18.11.2020 0:00:00;17;36;0
18.11.2020 0:00:00;18;36;0
18.11.2020 0:00:00;19;36;0
18.11.2020 0:00:00;20;36;0
18.11.2020 0:00:00;21;36;0
18.11.2020 0:00:00;22;36;0
18.11.2020 0:00:00;23;36;0
18.11.2020 0:00:00;0;37;0
18.11.2020 0:00:00;1;37;0
18.11.2020 0:00:00;2;37;0
18.11.2020 0:00:00;3;37;0
18.11.2020 0:00:00;4;37;0
18.11.2020 0:00:00;5;37;0
18.11.2020 0:00:00;6;37;0
18.11.2020 0:00:00;7;37;0
18.11.2020 0:00:00;8;37;0
18.11.2020 0:00:00;9;37;0
18.11.2020 0:00:00;10;37;0
18.11.2020 0:00:00;11;37;0
18.11.2020 0:00:00;12;37;0
18.11.2020 0:00:00;13;37;0
18.11.2020 0:00:00;14;37;0
18.11.2020 0:00:00;15;37;0
18.11.2020 0:00:00;16;37;0
18.11.2020 0:00:00;17;37;0
18.11.2020 0:00:00;18;37;0
18.11.2020 0:00:00;19;37;0
18.11.2020 0:00:00;20;37;0
18.11.2020 0:00:00;21;37;0
18.11.2020 0:00:00;22;37;0
18.11.2020 0:00:00;23;37;0
18.11.2020 0:00:00;0;38;0
18.11.2020 0:00:00;1;38;0
18.11.2020 0:00:00;2;38;0
18.11.2020 0:00:00;3;38;0
18.11.2020 0:00:00;4;38;0
18.11.2020 0:00:00;5;38;0
18.11.2020 0:00:00;6;38;0
18.11.2020 0:00:00;7;38;0
18.11.2020 0:00:00;8;38;0
18.11.2020 0:00:00;9;38;0
18.11.2020 0:00:00;10;38;0
18.11.2020 0:00:00;11;38;0
18.11.2020 0:00:00;12;38;0
18.11.2020 0:00:00;13;38;0
18.11.2020 0:00:00;14;38;0
18.11.2020 0:00:00;15;38;0
18.11.2020 0:00:00;16;38;0
18.11.2020 0:00:00;17;38;0
18.11.2020 0:00:00;18;38;0
18.11.2020 0:00:00;19;38;0
18.11.2020 0:00:00;20;38;0
18.11.2020 0:00:00;21;38;0
18.11.2020 0:00:00;22;38;0
18.11.2020 0:00:00;23;38;0
18.11.2020 0:00:00;0;41;0
18.11.2020 0:00:00;1;41;0
18.11.2020 0:00:00;2;41;0
18.11.2020 0:00:00;3;41;0
18.11.2020 0:00:00;4;41;0
18.11.2020 0:00:00;5;41;0
18.11.2020 0:00:00;6;41;0
18.11.2020 0:00:00;7;41;0
18.11.2020 0:00:00;8;41;0
18.11.2020 0:00:00;9;41;0
18.11.2020 0:00:00;10;41;0
18.11.2020 0:00:00;11;41;0
18.11.2020 0:00:00;12;41;0
18.11.2020 0:00:00;13;41;0
18.11.2020 0:00:00;14;41;0
18.11.2020 0:00:00;15;41;0
18.11.2020 0:00:00;16;41;0
18.11.2020 0:00:00;17;41;0
18.11.2020 0:00:00;18;41;0
18.11.2020 0:00:00;19;41;0
18.11.2020 0:00:00;20;41;0
18.11.2020 0:00:00;21;41;0
18.11.2020 0:00:00;22;41;0
18.11.2020 0:00:00;23;41;0
18.11.2020 0:00:00;0;42;0
18.11.2020 0:00:00;1;42;0
18.11.2020 0:00:00;2;42;0
18.11.2020 0:00:00;3;42;0
18.11.2020 0:00:00;4;42;0
18.11.2020 0:00:00;5;42;0
18.11.2020 0:00:00;6;42;0
18.11.2020 0:00:00;7;42;0
18.11.2020 0:00:00;8;42;0
18.11.2020 0:00:00;9;42;0
18.11.2020 0:00:00;10;42;0
18.11.2020 0:00:00;11;42;0
18.11.2020 0:00:00;12;42;0
18.11.2020 0:00:00;13;42;0
18.11.2020 0:00:00;14;42;0
18.11.2020 0:00:00;15;42;0
18.11.2020 0:00:00;16;42;0
18.11.2020 0:00:00;17;42;0
18.11.2020 0:00:00;18;42;0
18.11.2020 0:00:00;19;42;0
18.11.2020 0:00:00;20;42;0
18.11.2020 0:00:00;21;42;0
18.11.2020 0:00:00;22;42;0
18.11.2020 0:00:00;23;42;0
18.11.2020 0:00:00;0;46;0
18.11.2020 0:00:00;1;46;0
18.11.2020 0:00:00;2;46;0
18.11.2020 0:00:00;3;46;0
18.11.2020 0:00:00;4;46;0
18.11.2020 0:00:00;5;46;0
18.11.2020 0:00:00;6;46;0
18.11.2020 0:00:00;7;46;0
18.11.2020 0:00:00;8;46;0
18.11.2020 0:00:00;9;46;0
18.11.2020 0:00:00;10;46;0
18.11.2020 0:00:00;11;46;0
18.11.2020 0:00:00;12;46;0
18.11.2020 0:00:00;13;46;0
18.11.2020 0:00:00;14;46;0
18.11.2020 0:00:00;15;46;0
18.11.2020 0:00:00;16;46;0
18.11.2020 0:00:00;17;46;0
18.11.2020 0:00:00;18;46;0
18.11.2020 0:00:00;19;46;0
18.11.2020 0:00:00;20;46;0
18.11.2020 0:00:00;21;46;0
18.11.2020 0:00:00;22;46;0
18.11.2020 0:00:00;23;46;0
18.11.2020 0:00:00;0;47;0
18.11.2020 0:00:00;1;47;0
18.11.2020 0:00:00;2;47;0
18.11.2020 0:00:00;3;47;0
18.11.2020 0:00:00;4;47;0
18.11.2020 0:00:00;5;47;0
18.11.2020 0:00:00;6;47;0
18.11.2020 0:00:00;7;47;0
18.11.2020 0:00:00;8;47;0
18.11.2020 0:00:00;9;47;0
18.11.2020 0:00:00;10;47;0
18.11.2020 0:00:00;11;47;0
18.11.2020 0:00:00;12;47;0
18.11.2020 0:00:00;13;47;0
18.11.2020 0:00:00;14;47;0
18.11.2020 0:00:00;15;47;0
18.11.2020 0:00:00;16;47;0
18.11.2020 0:00:00;17;47;0
18.11.2020 0:00:00;18;47;0
18.11.2020 0:00:00;19;47;0
18.11.2020 0:00:00;20;47;0
18.11.2020 0:00:00;21;47;0
18.11.2020 0:00:00;22;47;0
18.11.2020 0:00:00;23;47;0
18.11.2020 0:00:00;0;49;0
18.11.2020 0:00:00;1;49;0
18.11.2020 0:00:00;2;49;0
18.11.2020 0:00:00;3;49;0
18.11.2020 0:00:00;4;49;0
18.11.2020 0:00:00;5;49;0
18.11.2020 0:00:00;6;49;0
18.11.2020 0:00:00;7;49;0
18.11.2020 0:00:00;8;49;0
18.11.2020 0:00:00;9;49;0
18.11.2020 0:00:00;10;49;0
18.11.2020 0:00:00;11;49;0
18.11.2020 0:00:00;12;49;0
18.11.2020 0:00:00;13;49;0
18.11.2020 0:00:00;14;49;0
18.11.2020 0:00:00;15;49;0
18.11.2020 0:00:00;16;49;0
18.11.2020 0:00:00;17;49;0
18.11.2020 0:00:00;18;49;0
18.11.2020 0:00:00;19;49;0
18.11.2020 0:00:00;20;49;0
18.11.2020 0:00:00;21;49;0
18.11.2020 0:00:00;22;49;0
18.11.2020 0:00:00;23;49;0
18.11.2020 0:00:00;0;50;0
18.11.2020 0:00:00;1;50;0
18.11.2020 0:00:00;2;50;0
18.11.2020 0:00:00;3;50;0
18.11.2020 0:00:00;4;50;0
18.11.2020 0:00:00;5;50;0
18.11.2020 0:00:00;6;50;0
18.11.2020 0:00:00;7;50;0
18.11.2020 0:00:00;8;50;0
18.11.2020 0:00:00;9;50;0
18.11.2020 0:00:00;10;50;0
18.11.2020 0:00:00;11;50;0
18.11.2020 0:00:00;12;50;0
18.11.2020 0:00:00;13;50;0
18.11.2020 0:00:00;14;50;0
18.11.2020 0:00:00;15;50;0
18.11.2020 0:00:00;16;50;0
18.11.2020 0:00:00;17;50;0
18.11.2020 0:00:00;18;50;0
18.11.2020 0:00:00;19;50;0
18.11.2020 0:00:00;20;50;0
18.11.2020 0:00:00;21;50;0
18.11.2020 0:00:00;22;50;0
18.11.2020 0:00:00;23;50;0
18.11.2020 0:00:00;0;52;0
18.11.2020 0:00:00;1;52;0
18.11.2020 0:00:00;2;52;0
18.11.2020 0:00:00;3;52;0
18.11.2020 0:00:00;4;52;0
18.11.2020 0:00:00;5;52;0
18.11.2020 0:00:00;6;52;0
18.11.2020 0:00:00;7;52;0
18.11.2020 0:00:00;8;52;0
18.11.2020 0:00:00;9;52;0
18.11.2020 0:00:00;10;52;0
18.11.2020 0:00:00;11;52;0
18.11.2020 0:00:00;12;52;0
18.11.2020 0:00:00;13;52;0
18.11.2020 0:00:00;14;52;0
18.11.2020 0:00:00;15;52;0
18.11.2020 0:00:00;16;52;0
18.11.2020 0:00:00;17;52;0
18.11.2020 0:00:00;18;52;0
18.11.2020 0:00:00;19;52;0
18.11.2020 0:00:00;20;52;0
18.11.2020 0:00:00;21;52;0
18.11.2020 0:00:00;22;52;0
18.11.2020 0:00:00;23;52;0
18.11.2020 0:00:00;0;53;0
18.11.2020 0:00:00;1;53;0
18.11.2020 0:00:00;2;53;0
18.11.2020 0:00:00;3;53;0
18.11.2020 0:00:00;4;53;0
18.11.2020 0:00:00;5;53;0
18.11.2020 0:00:00;6;53;0
18.11.2020 0:00:00;7;53;0
18.11.2020 0:00:00;8;53;5.958
18.11.2020 0:00:00;9;53;13.924
18.11.2020 0:00:00;10;53;11.668
18.11.2020 0:00:00;11;53;10.93
18.11.2020 0:00:00;12;53;8.964
18.11.2020 0:00:00;13;53;6.016
18.11.2020 0:00:00;14;53;0
18.11.2020 0:00:00;15;53;0
18.11.2020 0:00:00;16;53;0
18.11.2020 0:00:00;17;53;0
18.11.2020 0:00:00;18;53;0
18.11.2020 0:00:00;19;53;0
18.11.2020 0:00:00;20;53;0
18.11.2020 0:00:00;21;53;0
18.11.2020 0:00:00;22;53;0
18.11.2020 0:00:00;23;53;0
18.11.2020 0:00:00;0;54;0
18.11.2020 0:00:00;1;54;0
18.11.2020 0:00:00;2;54;0
18.11.2020 0:00:00;3;54;0
18.11.2020 0:00:00;4;54;0
18.11.2020 0:00:00;5;54;0
18.11.2020 0:00:00;6;54;0
18.11.2020 0:00:00;7;54;0
18.11.2020 0:00:00;8;54;0
18.11.2020 0:00:00;9;54;0
18.11.2020 0:00:00;10;54;0
18.11.2020 0:00:00;11;54;0
18.11.2020 0:00:00;12;54;0
18.11.2020 0:00:00;13;54;0
18.11.2020 0:00:00;14;54;0
18.11.2020 0:00:00;15;54;0
18.11.2020 0:00:00;16;54;0
18.11.2020 0:00:00;17;54;0
18.11.2020 0:00:00;18;54;0
18.11.2020 0:00:00;19;54;0
18.11.2020 0:00:00;20;54;0
18.11.2020 0:00:00;21;54;0
18.11.2020 0:00:00;22;54;0
18.11.2020 0:00:00;23;54;0
18.11.2020 0:00:00;0;56;0
18.11.2020 0:00:00;1;56;0
18.11.2020 0:00:00;2;56;0
18.11.2020 0:00:00;3;56;0
18.11.2020 0:00:00;4;56;0
18.11.2020 0:00:00;5;56;0
18.11.2020 0:00:00;6;56;0
18.11.2020 0:00:00;7;56;0
18.11.2020 0:00:00;8;56;0
18.11.2020 0:00:00;9;56;0
18.11.2020 0:00:00;10;56;0
18.11.2020 0:00:00;11;56;0
18.11.2020 0:00:00;12;56;0
18.11.2020 0:00:00;13;56;0
18.11.2020 0:00:00;14;56;0
18.11.2020 0:00:00;15;56;0
18.11.2020 0:00:00;16;56;0
18.11.2020 0:00:00;17;56;0
18.11.2020 0:00:00;18;56;0
18.11.2020 0:00:00;19;56;0
18.11.2020 0:00:00;20;56;0
18.11.2020 0:00:00;21;56;0
18.11.2020 0:00:00;22;56;0
18.11.2020 0:00:00;23;56;0
18.11.2020 0:00:00;0;57;0
18.11.2020 0:00:00;1;57;0
18.11.2020 0:00:00;2;57;0
18.11.2020 0:00:00;3;57;0
18.11.2020 0:00:00;4;57;0
18.11.2020 0:00:00;5;57;0
18.11.2020 0:00:00;6;57;0
18.11.2020 0:00:00;7;57;0
18.11.2020 0:00:00;8;57;0
18.11.2020 0:00:00;9;57;0
18.11.2020 0:00:00;10;57;0
18.11.2020 0:00:00;11;57;0
18.11.2020 0:00:00;12;57;0
18.11.2020 0:00:00;13;57;0
18.11.2020 0:00:00;14;57;0
18.11.2020 0:00:00;15;57;0
18.11.2020 0:00:00;16;57;0
18.11.2020 0:00:00;17;57;0
18.11.2020 0:00:00;18;57;0
18.11.2020 0:00:00;19;57;0
18.11.2020 0:00:00;20;57;0
18.11.2020 0:00:00;21;57;0
18.11.2020 0:00:00;22;57;0
18.11.2020 0:00:00;23;57;0
18.11.2020 0:00:00;0;58;0
18.11.2020 0:00:00;1;58;0
18.11.2020 0:00:00;2;58;0
18.11.2020 0:00:00;3;58;0
18.11.2020 0:00:00;4;58;0
18.11.2020 0:00:00;5;58;0
18.11.2020 0:00:00;6;58;0
18.11.2020 0:00:00;7;58;0
18.11.2020 0:00:00;8;58;0
18.11.2020 0:00:00;9;58;0
18.11.2020 0:00:00;10;58;0
18.11.2020 0:00:00;11;58;0
18.11.2020 0:00:00;12;58;0
18.11.2020 0:00:00;13;58;0
18.11.2020 0:00:00;14;58;0
18.11.2020 0:00:00;15;58;0
18.11.2020 0:00:00;16;58;0
18.11.2020 0:00:00;17;58;0
18.11.2020 0:00:00;18;58;0
18.11.2020 0:00:00;19;58;0
18.11.2020 0:00:00;20;58;0
18.11.2020 0:00:00;21;58;0
18.11.2020 0:00:00;22;58;0
18.11.2020 0:00:00;23;58;0
18.11.2020 0:00:00;0;60;0
18.11.2020 0:00:00;1;60;0
18.11.2020 0:00:00;2;60;0
18.11.2020 0:00:00;3;60;0
18.11.2020 0:00:00;4;60;0
18.11.2020 0:00:00;5;60;0
18.11.2020 0:00:00;6;60;0
18.11.2020 0:00:00;7;60;0
18.11.2020 0:00:00;8;60;0
18.11.2020 0:00:00;9;60;0
18.11.2020 0:00:00;10;60;0
18.11.2020 0:00:00;11;60;0
18.11.2020 0:00:00;12;60;0
18.11.2020 0:00:00;13;60;0
18.11.2020 0:00:00;14;60;0
18.11.2020 0:00:00;15;60;0
18.11.2020 0:00:00;16;60;0
18.11.2020 0:00:00;17;60;0
18.11.2020 0:00:00;18;60;0
18.11.2020 0:00:00;19;60;0
18.11.2020 0:00:00;20;60;0
18.11.2020 0:00:00;21;60;0
18.11.2020 0:00:00;22;60;0
18.11.2020 0:00:00;23;60;0
18.11.2020 0:00:00;0;61;0
18.11.2020 0:00:00;1;61;0
18.11.2020 0:00:00;2;61;0
18.11.2020 0:00:00;3;61;0
18.11.2020 0:00:00;4;61;0
18.11.2020 0:00:00;5;61;0
18.11.2020 0:00:00;6;61;0
18.11.2020 0:00:00;7;61;0
18.11.2020 0:00:00;8;61;0
18.11.2020 0:00:00;9;61;0
18.11.2020 0:00:00;10;61;0
18.11.2020 0:00:00;11;61;0
18.11.2020 0:00:00;12;61;0
18.11.2020 0:00:00;13;61;0
18.11.2020 0:00:00;14;61;0
18.11.2020 0:00:00;15;61;0
18.11.2020 0:00:00;16;61;0
18.11.2020 0:00:00;17;61;0
18.11.2020 0:00:00;18;61;0
18.11.2020 0:00:00;19;61;0
18.11.2020 0:00:00;20;61;0
18.11.2020 0:00:00;21;61;0
18.11.2020 0:00:00;22;61;0
18.11.2020 0:00:00;23;61;0
18.11.2020 0:00:00;0;63;0
18.11.2020 0:00:00;1;63;0
18.11.2020 0:00:00;2;63;0
18.11.2020 0:00:00;3;63;0
18.11.2020 0:00:00;4;63;0
18.11.2020 0:00:00;5;63;0
18.11.2020 0:00:00;6;63;0
18.11.2020 0:00:00;7;63;0
18.11.2020 0:00:00;8;63;0.75
18.11.2020 0:00:00;9;63;1.78
18.11.2020 0:00:00;10;63;2.31
18.11.2020 0:00:00;11;63;2.54
18.11.2020 0:00:00;12;63;2.31
18.11.2020 0:00:00;13;63;1.53
18.11.2020 0:00:00;14;63;0.72
18.11.2020 0:00:00;15;63;0
18.11.2020 0:00:00;16;63;0
18.11.2020 0:00:00;17;63;0
18.11.2020 0:00:00;18;63;0
18.11.2020 0:00:00;19;63;0
18.11.2020 0:00:00;20;63;0
18.11.2020 0:00:00;21;63;0
18.11.2020 0:00:00;22;63;0
18.11.2020 0:00:00;23;63;0
18.11.2020 0:00:00;0;65;0
18.11.2020 0:00:00;1;65;0
18.11.2020 0:00:00;2;65;0
18.11.2020 0:00:00;3;65;0
18.11.2020 0:00:00;4;65;0
18.11.2020 0:00:00;5;65;0
18.11.2020 0:00:00;6;65;0
18.11.2020 0:00:00;7;65;0
18.11.2020 0:00:00;8;65;0
18.11.2020 0:00:00;9;65;0
18.11.2020 0:00:00;10;65;0
18.11.2020 0:00:00;11;65;0
18.11.2020 0:00:00;12;65;0
18.11.2020 0:00:00;13;65;0
18.11.2020 0:00:00;14;65;0
18.11.2020 0:00:00;15;65;0
18.11.2020 0:00:00;16;65;0
18.11.2020 0:00:00;17;65;0
18.11.2020 0:00:00;18;65;0
18.11.2020 0:00:00;19;65;0
18.11.2020 0:00:00;20;65;0
18.11.2020 0:00:00;21;65;0
18.11.2020 0:00:00;22;65;0
18.11.2020 0:00:00;23;65;0
18.11.2020 0:00:00;0;66;0
18.11.2020 0:00:00;1;66;0
18.11.2020 0:00:00;2;66;0
18.11.2020 0:00:00;3;66;0
18.11.2020 0:00:00;4;66;0
18.11.2020 0:00:00;5;66;0
18.11.2020 0:00:00;6;66;0
18.11.2020 0:00:00;7;66;0
18.11.2020 0:00:00;8;66;0
18.11.2020 0:00:00;9;66;0
18.11.2020 0:00:00;10;66;0
18.11.2020 0:00:00;11;66;0
18.11.2020 0:00:00;12;66;0
18.11.2020 0:00:00;13;66;0
18.11.2020 0:00:00;14;66;0
18.11.2020 0:00:00;15;66;0
18.11.2020 0:00:00;16;66;0
18.11.2020 0:00:00;17;66;0
18.11.2020 0:00:00;18;66;0
18.11.2020 0:00:00;19;66;0
18.11.2020 0:00:00;20;66;0
18.11.2020 0:00:00;21;66;0
18.11.2020 0:00:00;22;66;0
18.11.2020 0:00:00;23;66;0
18.11.2020 0:00:00;0;68;0
18.11.2020 0:00:00;1;68;0
18.11.2020 0:00:00;2;68;0
18.11.2020 0:00:00;3;68;0
18.11.2020 0:00:00;4;68;0
18.11.2020 0:00:00;5;68;0
18.11.2020 0:00:00;6;68;0
18.11.2020 0:00:00;7;68;0
18.11.2020 0:00:00;8;68;0
18.11.2020 0:00:00;9;68;0
18.11.2020 0:00:00;10;68;0
18.11.2020 0:00:00;11;68;0
18.11.2020 0:00:00;12;68;0
18.11.2020 0:00:00;13;68;0
18.11.2020 0:00:00;14;68;0
18.11.2020 0:00:00;15;68;0
18.11.2020 0:00:00;16;68;0
18.11.2020 0:00:00;17;68;0
18.11.2020 0:00:00;18;68;0
18.11.2020 0:00:00;19;68;0
18.11.2020 0:00:00;20;68;0
18.11.2020 0:00:00;21;68;0
18.11.2020 0:00:00;22;68;0
18.11.2020 0:00:00;23;68;0
18.11.2020 0:00:00;0;69;0
18.11.2020 0:00:00;1;69;0
18.11.2020 0:00:00;2;69;0
18.11.2020 0:00:00;3;69;0
18.11.2020 0:00:00;4;69;0
18.11.2020 0:00:00;5;69;0
18.11.2020 0:00:00;6;69;0
18.11.2020 0:00:00;7;69;0
18.11.2020 0:00:00;8;69;0
18.11.2020 0:00:00;9;69;0
18.11.2020 0:00:00;10;69;0
18.11.2020 0:00:00;11;69;0
18.11.2020 0:00:00;12;69;0
18.11.2020 0:00:00;13;69;0
18.11.2020 0:00:00;14;69;0
18.11.2020 0:00:00;15;69;0
18.11.2020 0:00:00;16;69;0
18.11.2020 0:00:00;17;69;0
18.11.2020 0:00:00;18;69;0
18.11.2020 0:00:00;19;69;0
18.11.2020 0:00:00;20;69;0
18.11.2020 0:00:00;21;69;0
18.11.2020 0:00:00;22;69;0
18.11.2020 0:00:00;23;69;0
18.11.2020 0:00:00;0;70;0
18.11.2020 0:00:00;1;70;0
18.11.2020 0:00:00;2;70;0
18.11.2020 0:00:00;3;70;0
18.11.2020 0:00:00;4;70;0
18.11.2020 0:00:00;5;70;0
18.11.2020 0:00:00;6;70;0
18.11.2020 0:00:00;7;70;0
18.11.2020 0:00:00;8;70;0
18.11.2020 0:00:00;9;70;0
18.11.2020 0:00:00;10;70;0
18.11.2020 0:00:00;11;70;0
18.11.2020 0:00:00;12;70;0
18.11.2020 0:00:00;13;70;0
18.11.2020 0:00:00;14;70;0
18.11.2020 0:00:00;15;70;0
18.11.2020 0:00:00;16;70;0
18.11.2020 0:00:00;17;70;0
18.11.2020 0:00:00;18;70;0
18.11.2020 0:00:00;19;70;0
18.11.2020 0:00:00;20;70;0
18.11.2020 0:00:00;21;70;0
18.11.2020 0:00:00;22;70;0
18.11.2020 0:00:00;23;70;0
18.11.2020 0:00:00;0;71;0
18.11.2020 0:00:00;1;71;0
18.11.2020 0:00:00;2;71;0
18.11.2020 0:00:00;3;71;0
18.11.2020 0:00:00;4;71;0
18.11.2020 0:00:00;5;71;0
18.11.2020 0:00:00;6;71;0
18.11.2020 0:00:00;7;71;0
18.11.2020 0:00:00;8;71;0
18.11.2020 0:00:00;9;71;0
18.11.2020 0:00:00;10;71;0
18.11.2020 0:00:00;11;71;0
18.11.2020 0:00:00;12;71;0
18.11.2020 0:00:00;13;71;0
18.11.2020 0:00:00;14;71;0
18.11.2020 0:00:00;15;71;0
18.11.2020 0:00:00;16;71;0
18.11.2020 0:00:00;17;71;0
18.11.2020 0:00:00;18;71;0
18.11.2020 0:00:00;19;71;0
18.11.2020 0:00:00;20;71;0
18.11.2020 0:00:00;21;71;0
18.11.2020 0:00:00;22;71;0
18.11.2020 0:00:00;23;71;0
18.11.2020 0:00:00;0;73;2.04
18.11.2020 0:00:00;1;73;0
18.11.2020 0:00:00;2;73;0
18.11.2020 0:00:00;3;73;0
18.11.2020 0:00:00;4;73;0
18.11.2020 0:00:00;5;73;0
18.11.2020 0:00:00;6;73;0
18.11.2020 0:00:00;7;73;0
18.11.2020 0:00:00;8;73;0
18.11.2020 0:00:00;9;73;0
18.11.2020 0:00:00;10;73;0
18.11.2020 0:00:00;11;73;0
18.11.2020 0:00:00;12;73;0
18.11.2020 0:00:00;13;73;0
18.11.2020 0:00:00;14;73;0
18.11.2020 0:00:00;15;73;0
18.11.2020 0:00:00;16;73;0
18.11.2020 0:00:00;17;73;0
18.11.2020 0:00:00;18;73;0
18.11.2020 0:00:00;19;73;2.13
18.11.2020 0:00:00;20;73;4.74
18.11.2020 0:00:00;21;73;2.3
18.11.2020 0:00:00;22;73;3.69
18.11.2020 0:00:00;23;73;3.19
18.11.2020 0:00:00;0;75;0
18.11.2020 0:00:00;1;75;0
18.11.2020 0:00:00;2;75;0
18.11.2020 0:00:00;3;75;0
18.11.2020 0:00:00;4;75;0
18.11.2020 0:00:00;5;75;0
18.11.2020 0:00:00;6;75;0
18.11.2020 0:00:00;7;75;0
18.11.2020 0:00:00;8;75;0
18.11.2020 0:00:00;9;75;0
18.11.2020 0:00:00;10;75;0
18.11.2020 0:00:00;11;75;0
18.11.2020 0:00:00;12;75;0
18.11.2020 0:00:00;13;75;0
18.11.2020 0:00:00;14;75;0
18.11.2020 0:00:00;15;75;0
18.11.2020 0:00:00;16;75;0
18.11.2020 0:00:00;17;75;0
18.11.2020 0:00:00;18;75;0
18.11.2020 0:00:00;19;75;0
18.11.2020 0:00:00;20;75;0
18.11.2020 0:00:00;21;75;0
18.11.2020 0:00:00;22;75;0
18.11.2020 0:00:00;23;75;0
18.11.2020 0:00:00;0;76;0
18.11.2020 0:00:00;1;76;0
18.11.2020 0:00:00;2;76;0
18.11.2020 0:00:00;3;76;0
18.11.2020 0:00:00;4;76;0
18.11.2020 0:00:00;5;76;0
18.11.2020 0:00:00;6;76;0
18.11.2020 0:00:00;7;76;0
18.11.2020 0:00:00;8;76;0
18.11.2020 0:00:00;9;76;0
18.11.2020 0:00:00;10;76;0
18.11.2020 0:00:00;11;76;0
18.11.2020 0:00:00;12;76;0
18.11.2020 0:00:00;13;76;0
18.11.2020 0:00:00;14;76;0
18.11.2020 0:00:00;15;76;0
18.11.2020 0:00:00;16;76;0
18.11.2020 0:00:00;17;76;0
18.11.2020 0:00:00;18;76;0
18.11.2020 0:00:00;19;76;0
18.11.2020 0:00:00;20;76;0
18.11.2020 0:00:00;21;76;0
18.11.2020 0:00:00;22;76;0
18.11.2020 0:00:00;23;76;0
18.11.2020 0:00:00;0;78;0
18.11.2020 0:00:00;1;78;0
18.11.2020 0:00:00;2;78;0
18.11.2020 0:00:00;3;78;0
18.11.2020 0:00:00;4;78;0
18.11.2020 0:00:00;5;78;0
18.11.2020 0:00:00;6;78;0
18.11.2020 0:00:00;7;78;0
18.11.2020 0:00:00;8;78;0
18.11.2020 0:00:00;9;78;0
18.11.2020 0:00:00;10;78;0
18.11.2020 0:00:00;11;78;0
18.11.2020 0:00:00;12;78;0
18.11.2020 0:00:00;13;78;0
18.11.2020 0:00:00;14;78;0
18.11.2020 0:00:00;15;78;0
18.11.2020 0:00:00;16;78;0
18.11.2020 0:00:00;17;78;0
18.11.2020 0:00:00;18;78;0
18.11.2020 0:00:00;19;78;0
18.11.2020 0:00:00;20;78;0
18.11.2020 0:00:00;21;78;0
18.11.2020 0:00:00;22;78;0
18.11.2020 0:00:00;23;78;0
18.11.2020 0:00:00;0;80;0
18.11.2020 0:00:00;1;80;0
18.11.2020 0:00:00;2;80;0
18.11.2020 0:00:00;3;80;0
18.11.2020 0:00:00;4;80;0
18.11.2020 0:00:00;5;80;0
18.11.2020 0:00:00;6;80;0
18.11.2020 0:00:00;7;80;0
18.11.2020 0:00:00;8;80;0.759
18.11.2020 0:00:00;9;80;1.832
18.11.2020 0:00:00;10;80;2.042
18.11.2020 0:00:00;11;80;2.023
18.11.2020 0:00:00;12;80;2.152
18.11.2020 0:00:00;13;80;1.076
18.11.2020 0:00:00;14;80;0
18.11.2020 0:00:00;15;80;0
18.11.2020 0:00:00;16;80;0
18.11.2020 0:00:00;17;80;0
18.11.2020 0:00:00;18;80;0
18.11.2020 0:00:00;19;80;0
18.11.2020 0:00:00;20;80;0
18.11.2020 0:00:00;21;80;0
18.11.2020 0:00:00;22;80;0
18.11.2020 0:00:00;23;80;0
18.11.2020 0:00:00;0;81;0
18.11.2020 0:00:00;1;81;0
18.11.2020 0:00:00;2;81;0
18.11.2020 0:00:00;3;81;0
18.11.2020 0:00:00;4;81;1.176
18.11.2020 0:00:00;5;81;2.898
18.11.2020 0:00:00;6;81;3.955
18.11.2020 0:00:00;7;81;5.18
18.11.2020 0:00:00;8;81;5.782
18.11.2020 0:00:00;9;81;3.745
18.11.2020 0:00:00;10;81;1.932
18.11.2020 0:00:00;11;81;0
18.11.2020 0:00:00;12;81;0
18.11.2020 0:00:00;13;81;0
18.11.2020 0:00:00;14;81;0
18.11.2020 0:00:00;15;81;0
18.11.2020 0:00:00;16;81;0
18.11.2020 0:00:00;17;81;0
18.11.2020 0:00:00;18;81;0
18.11.2020 0:00:00;19;81;0
18.11.2020 0:00:00;20;81;0
18.11.2020 0:00:00;21;81;0
18.11.2020 0:00:00;22;81;0
18.11.2020 0:00:00;23;81;0
18.11.2020 0:00:00;0;82;0
18.11.2020 0:00:00;1;82;0
18.11.2020 0:00:00;2;82;0
18.11.2020 0:00:00;3;82;0
18.11.2020 0:00:00;4;82;0
18.11.2020 0:00:00;5;82;0
18.11.2020 0:00:00;6;82;0
18.11.2020 0:00:00;7;82;0
18.11.2020 0:00:00;8;82;0
18.11.2020 0:00:00;9;82;0
18.11.2020 0:00:00;10;82;0
18.11.2020 0:00:00;11;82;0
18.11.2020 0:00:00;12;82;0
18.11.2020 0:00:00;13;82;0
18.11.2020 0:00:00;14;82;0
18.11.2020 0:00:00;15;82;0
18.11.2020 0:00:00;16;82;0
18.11.2020 0:00:00;17;82;0
18.11.2020 0:00:00;18;82;0
18.11.2020 0:00:00;19;82;0
18.11.2020 0:00:00;20;82;0
18.11.2020 0:00:00;21;82;0
18.11.2020 0:00:00;22;82;0
18.11.2020 0:00:00;23;82;0
18.11.2020 0:00:00;0;83;0
18.11.2020 0:00:00;1;83;0
18.11.2020 0:00:00;2;83;0
18.11.2020 0:00:00;3;83;0
18.11.2020 0:00:00;4;83;0
18.11.2020 0:00:00;5;83;0
18.11.2020 0:00:00;6;83;0
18.11.2020 0:00:00;7;83;0
18.11.2020 0:00:00;8;83;0
18.11.2020 0:00:00;9;83;0
18.11.2020 0:00:00;10;83;0
18.11.2020 0:00:00;11;83;0
18.11.2020 0:00:00;12;83;0
18.11.2020 0:00:00;13;83;0
18.11.2020 0:00:00;14;83;0
18.11.2020 0:00:00;15;83;0
18.11.2020 0:00:00;16;83;0
18.11.2020 0:00:00;17;83;0
18.11.2020 0:00:00;18;83;0
18.11.2020 0:00:00;19;83;0
18.11.2020 0:00:00;20;83;0
18.11.2020 0:00:00;21;83;0
18.11.2020 0:00:00;22;83;0
18.11.2020 0:00:00;23;83;0
18.11.2020 0:00:00;0;85;0
18.11.2020 0:00:00;1;85;0
18.11.2020 0:00:00;2;85;0
18.11.2020 0:00:00;3;85;0
18.11.2020 0:00:00;4;85;0
18.11.2020 0:00:00;5;85;0
18.11.2020 0:00:00;6;85;0
18.11.2020 0:00:00;7;85;0
18.11.2020 0:00:00;8;85;0
18.11.2020 0:00:00;9;85;0
18.11.2020 0:00:00;10;85;0
18.11.2020 0:00:00;11;85;0
18.11.2020 0:00:00;12;85;0
18.11.2020 0:00:00;13;85;0
18.11.2020 0:00:00;14;85;0
18.11.2020 0:00:00;15;85;0
18.11.2020 0:00:00;16;85;0
18.11.2020 0:00:00;17;85;0
18.11.2020 0:00:00;18;85;0
18.11.2020 0:00:00;19;85;0
18.11.2020 0:00:00;20;85;0
18.11.2020 0:00:00;21;85;0
18.11.2020 0:00:00;22;85;0
18.11.2020 0:00:00;23;85;0
18.11.2020 0:00:00;0;86;0
18.11.2020 0:00:00;1;86;0
18.11.2020 0:00:00;2;86;0
18.11.2020 0:00:00;3;86;0
18.11.2020 0:00:00;4;86;0
18.11.2020 0:00:00;5;86;0
18.11.2020 0:00:00;6;86;0
18.11.2020 0:00:00;7;86;0
18.11.2020 0:00:00;8;86;0
18.11.2020 0:00:00;9;86;0
18.11.2020 0:00:00;10;86;0
18.11.2020 0:00:00;11;86;0
18.11.2020 0:00:00;12;86;0
18.11.2020 0:00:00;13;86;0
18.11.2020 0:00:00;14;86;0
18.11.2020 0:00:00;15;86;0
18.11.2020 0:00:00;16;86;0
18.11.2020 0:00:00;17;86;0
18.11.2020 0:00:00;18;86;0
18.11.2020 0:00:00;19;86;0
18.11.2020 0:00:00;20;86;0
18.11.2020 0:00:00;21;86;0
18.11.2020 0:00:00;22;86;0
18.11.2020 0:00:00;23;86;0
18.11.2020 0:00:00;0;88;0
18.11.2020 0:00:00;1;88;0
18.11.2020 0:00:00;2;88;0
18.11.2020 0:00:00;3;88;0
18.11.2020 0:00:00;4;88;0
18.11.2020 0:00:00;5;88;0
18.11.2020 0:00:00;6;88;0
18.11.2020 0:00:00;7;88;0
18.11.2020 0:00:00;8;88;0
18.11.2020 0:00:00;9;88;0
18.11.2020 0:00:00;10;88;0
18.11.2020 0:00:00;11;88;0
18.11.2020 0:00:00;12;88;0
18.11.2020 0:00:00;13;88;0
18.11.2020 0:00:00;14;88;0
18.11.2020 0:00:00;15;88;0
18.11.2020 0:00:00;16;88;0
18.11.2020 0:00:00;17;88;0
18.11.2020 0:00:00;18;88;0
18.11.2020 0:00:00;19;88;0
18.11.2020 0:00:00;20;88;0
18.11.2020 0:00:00;21;88;0
18.11.2020 0:00:00;22;88;0
18.11.2020 0:00:00;23;88;0
18.11.2020 0:00:00;0;89;0
18.11.2020 0:00:00;1;89;0
18.11.2020 0:00:00;2;89;0
18.11.2020 0:00:00;3;89;0
18.11.2020 0:00:00;4;89;0
18.11.2020 0:00:00;5;89;0
18.11.2020 0:00:00;6;89;0
18.11.2020 0:00:00;7;89;0
18.11.2020 0:00:00;8;89;0
18.11.2020 0:00:00;9;89;0
18.11.2020 0:00:00;10;89;0
18.11.2020 0:00:00;11;89;0
18.11.2020 0:00:00;12;89;0
18.11.2020 0:00:00;13;89;0
18.11.2020 0:00:00;14;89;0
18.11.2020 0:00:00;15;89;0
18.11.2020 0:00:00;16;89;0
18.11.2020 0:00:00;17;89;0
18.11.2020 0:00:00;18;89;0
18.11.2020 0:00:00;19;89;0
18.11.2020 0:00:00;20;89;0
18.11.2020 0:00:00;21;89;0
18.11.2020 0:00:00;22;89;0
18.11.2020 0:00:00;23;89;0
18.11.2020 0:00:00;0;90;0
18.11.2020 0:00:00;1;90;0
18.11.2020 0:00:00;2;90;0
18.11.2020 0:00:00;3;90;0
18.11.2020 0:00:00;4;90;0
18.11.2020 0:00:00;5;90;0
18.11.2020 0:00:00;6;90;0
18.11.2020 0:00:00;7;90;0
18.11.2020 0:00:00;8;90;0
18.11.2020 0:00:00;9;90;0
18.11.2020 0:00:00;10;90;0
18.11.2020 0:00:00;11;90;0
18.11.2020 0:00:00;12;90;0
18.11.2020 0:00:00;13;90;0
18.11.2020 0:00:00;14;90;0
18.11.2020 0:00:00;15;90;0
18.11.2020 0:00:00;16;90;0
18.11.2020 0:00:00;17;90;0
18.11.2020 0:00:00;18;90;0
18.11.2020 0:00:00;19;90;0
18.11.2020 0:00:00;20;90;0
18.11.2020 0:00:00;21;90;0
18.11.2020 0:00:00;22;90;0
18.11.2020 0:00:00;23;90;0
18.11.2020 0:00:00;0;91;0
18.11.2020 0:00:00;1;91;0
18.11.2020 0:00:00;2;91;0
18.11.2020 0:00:00;3;91;0
18.11.2020 0:00:00;4;91;0
18.11.2020 0:00:00;5;91;0
18.11.2020 0:00:00;6;91;0
18.11.2020 0:00:00;7;91;0
18.11.2020 0:00:00;8;91;0
18.11.2020 0:00:00;9;91;0
18.11.2020 0:00:00;10;91;0
18.11.2020 0:00:00;11;91;0
18.11.2020 0:00:00;12;91;0
18.11.2020 0:00:00;13;91;0
18.11.2020 0:00:00;14;91;0
18.11.2020 0:00:00;15;91;0
18.11.2020 0:00:00;16;91;0
18.11.2020 0:00:00;17;91;0
18.11.2020 0:00:00;18;91;0
18.11.2020 0:00:00;19;91;0
18.11.2020 0:00:00;20;91;0
18.11.2020 0:00:00;21;91;0
18.11.2020 0:00:00;22;91;0
18.11.2020 0:00:00;23;91;0
18.11.2020 0:00:00;0;92;0
18.11.2020 0:00:00;1;92;0
18.11.2020 0:00:00;2;92;0
18.11.2020 0:00:00;3;92;0
18.11.2020 0:00:00;4;92;0
18.11.2020 0:00:00;5;92;0
18.11.2020 0:00:00;6;92;0
18.11.2020 0:00:00;7;92;0
18.11.2020 0:00:00;8;92;0
18.11.2020 0:00:00;9;92;0
18.11.2020 0:00:00;10;92;0
18.11.2020 0:00:00;11;92;0
18.11.2020 0:00:00;12;92;0
18.11.2020 0:00:00;13;92;0
18.11.2020 0:00:00;14;92;0
18.11.2020 0:00:00;15;92;0
18.11.2020 0:00:00;16;92;0
18.11.2020 0:00:00;17;92;0
18.11.2020 0:00:00;18;92;0
18.11.2020 0:00:00;19;92;0
18.11.2020 0:00:00;20;92;0
18.11.2020 0:00:00;21;92;0
18.11.2020 0:00:00;22;92;0
18.11.2020 0:00:00;23;92;0
18.11.2020 0:00:00;0;93;0
18.11.2020 0:00:00;1;93;0
18.11.2020 0:00:00;2;93;0
18.11.2020 0:00:00;3;93;0
18.11.2020 0:00:00;4;93;0
18.11.2020 0:00:00;5;93;0
18.11.2020 0:00:00;6;93;0
18.11.2020 0:00:00;7;93;0
18.11.2020 0:00:00;8;93;0
18.11.2020 0:00:00;9;93;0
18.11.2020 0:00:00;10;93;0
18.11.2020 0:00:00;11;93;0
18.11.2020 0:00:00;12;93;0
18.11.2020 0:00:00;13;93;0
18.11.2020 0:00:00;14;93;0
18.11.2020 0:00:00;15;93;0
18.11.2020 0:00:00;16;93;0
18.11.2020 0:00:00;17;93;0
18.11.2020 0:00:00;18;93;0
18.11.2020 0:00:00;19;93;0
18.11.2020 0:00:00;20;93;0
18.11.2020 0:00:00;21;93;0
18.11.2020 0:00:00;22;93;0
18.11.2020 0:00:00;23;93;0
18.11.2020 0:00:00;0;94;0
18.11.2020 0:00:00;1;94;0
18.11.2020 0:00:00;2;94;0
18.11.2020 0:00:00;3;94;0
18.11.2020 0:00:00;4;94;0
18.11.2020 0:00:00;5;94;0
18.11.2020 0:00:00;6;94;0
18.11.2020 0:00:00;7;94;0
18.11.2020 0:00:00;8;94;0
18.11.2020 0:00:00;9;94;0
18.11.2020 0:00:00;10;94;0
18.11.2020 0:00:00;11;94;0
18.11.2020 0:00:00;12;94;0
18.11.2020 0:00:00;13;94;0
18.11.2020 0:00:00;14;94;0
18.11.2020 0:00:00;15;94;0
18.11.2020 0:00:00;16;94;0
18.11.2020 0:00:00;17;94;0
18.11.2020 0:00:00;18;94;0
18.11.2020 0:00:00;19;94;0
18.11.2020 0:00:00;20;94;0
18.11.2020 0:00:00;21;94;0
18.11.2020 0:00:00;22;94;0
18.11.2020 0:00:00;23;94;0
18.11.2020 0:00:00;0;95;0
18.11.2020 0:00:00;1;95;0
18.11.2020 0:00:00;2;95;0
18.11.2020 0:00:00;3;95;0
18.11.2020 0:00:00;4;95;0.1
18.11.2020 0:00:00;5;95;0
18.11.2020 0:00:00;6;95;0
18.11.2020 0:00:00;7;95;0.074
18.11.2020 0:00:00;8;95;0.074
18.11.2020 0:00:00;9;95;0.074
18.11.2020 0:00:00;10;95;0.057
18.11.2020 0:00:00;11;95;0
18.11.2020 0:00:00;12;95;0.1
18.11.2020 0:00:00;13;95;0
18.11.2020 0:00:00;14;95;0
18.11.2020 0:00:00;15;95;0
18.11.2020 0:00:00;16;95;0
18.11.2020 0:00:00;17;95;0
18.11.2020 0:00:00;18;95;0
18.11.2020 0:00:00;19;95;0
18.11.2020 0:00:00;20;95;0
18.11.2020 0:00:00;21;95;0
18.11.2020 0:00:00;22;95;0
18.11.2020 0:00:00;23;95;0
18.11.2020 0:00:00;0;96;0
18.11.2020 0:00:00;1;96;0
18.11.2020 0:00:00;2;96;0
18.11.2020 0:00:00;3;96;0
18.11.2020 0:00:00;4;96;0
18.11.2020 0:00:00;5;96;0
18.11.2020 0:00:00;6;96;0
18.11.2020 0:00:00;7;96;0
18.11.2020 0:00:00;8;96;0
18.11.2020 0:00:00;9;96;0
18.11.2020 0:00:00;10;96;0
18.11.2020 0:00:00;11;96;0
18.11.2020 0:00:00;12;96;0
18.11.2020 0:00:00;13;96;0
18.11.2020 0:00:00;14;96;0
18.11.2020 0:00:00;15;96;0
18.11.2020 0:00:00;16;96;0
18.11.2020 0:00:00;17;96;0
18.11.2020 0:00:00;18;96;0
18.11.2020 0:00:00;19;96;0
18.11.2020 0:00:00;20;96;0
18.11.2020 0:00:00;21;96;0
18.11.2020 0:00:00;22;96;0
18.11.2020 0:00:00;23;96;0
18.11.2020 0:00:00;0;97;0
18.11.2020 0:00:00;1;97;0
18.11.2020 0:00:00;2;97;0
18.11.2020 0:00:00;3;97;0
18.11.2020 0:00:00;4;97;0
18.11.2020 0:00:00;5;97;0
18.11.2020 0:00:00;6;97;0
18.11.2020 0:00:00;7;97;0
18.11.2020 0:00:00;8;97;0
18.11.2020 0:00:00;9;97;0
18.11.2020 0:00:00;10;97;0
18.11.2020 0:00:00;11;97;0
18.11.2020 0:00:00;12;97;0
18.11.2020 0:00:00;13;97;0
18.11.2020 0:00:00;14;97;0
18.11.2020 0:00:00;15;97;0
18.11.2020 0:00:00;16;97;0
18.11.2020 0:00:00;17;97;0
18.11.2020 0:00:00;18;97;0
18.11.2020 0:00:00;19;97;0
18.11.2020 0:00:00;20;97;0
18.11.2020 0:00:00;21;97;0
18.11.2020 0:00:00;22;97;0
18.11.2020 0:00:00;23;97;0
